num_stations,driver_id,model,battery_capacity,efficiency,battery_level_end,mileage,trip_start_time,trip_end_time,trip_time,queue_time,charge_time,charges,db,epoch
32,1,L,95,0.19,53.39,616.0,0,390.1287586173926,390.1287586173926,0.0,36.732000000000006,1,0,1
32,2,S,55,0.17,48.2,616.0,0,395.8847586173926,395.8847586173926,0.0,42.488,2,0,1
32,3,S,55,0.17,51.6,616.0,0,422.98075861739255,422.98075861739255,26.73599999999999,42.848,2,0,1
32,4,M,75,0.18,32.160000000000004,616.0,0,382.29275861739256,382.29275861739256,0.0,28.895999999999997,1,0,1
32,5,XL,120,0.2,80.19999999999999,616.0,0,400.19675861739256,400.19675861739256,0.0,46.800000000000004,1,0,1
32,6,S,55,0.17,4.339999999999996,616.0,0,375.38075861739253,375.38075861739253,0.0,21.984,1,0,1
32,7,XL,120,0.2,76.19999999999999,616.0,0,437.5687586173926,437.5687586173926,0.0,47.440000000000005,1,0,1
32,8,S,55,0.17,38.17,616.0,0,417.3767586173926,417.3767586173926,0.0,43.596000000000004,2,0,1
32,9,M,75,0.18,32.160000000000004,616.0,0,410.94875861739257,410.94875861739257,28.895999999999987,28.655999999999995,1,0,1
32,10,S,55,0.17,41.57,616.0,0,396.3927586173926,396.3927586173926,0.0,42.996,2,0,1
32,11,XL,120,0.2,108.0,616.0,0,399.87675861739257,399.87675861739257,0.0,46.480000000000004,1,0,1
32,12,S,55,0.17,44.8,616.0,0,468.8207586173926,468.8207586173926,73.13599999999997,42.288,2,0,1
32,13,S,55,0.17,4.339999999999996,616.0,0,375.22075861739256,375.22075861739256,0.0,21.824,1,0,1
32,14,S,55,0.17,38.17,616.0,0,395.7527586173926,395.7527586173926,0.0,42.356,2,0,1
32,15,L,95,0.19,42.18,616.0,0,390.0447586173925,390.0447586173925,0.0,36.648,1,0,1
32,16,M,75,0.18,17.760000000000005,616.0,0,382.8527586173925,382.8527586173925,0.0,29.456,1,0,1
32,17,M,75,0.18,14.160000000000004,616.0,0,404.3967586173925,404.3967586173925,0.0,29.775999999999996,1,0,1
32,18,L,95,0.19,57.19,616.0,0,437.28875861739255,437.28875861739255,46.79999999999998,37.092,1,0,1
32,19,XL,120,0.2,88.2,616.0,0,399.99675861739263,399.99675861739263,0.0,46.599999999999994,1,0,1
32,20,XL,120,0.2,96.2,616.0,0,400.0367586173926,400.0367586173926,0.0,46.64000000000001,1,0,1
32,21,S,55,0.17,44.8,616.0,0,490.4447586173926,490.4447586173926,93.51999999999998,43.528,2,0,1
32,22,XL,120,0.2,68.4,616.0,0,401.1167586173926,401.1167586173926,0.0,47.720000000000006,1,0,1
32,23,S,55,0.17,48.2,616.0,0,417.50875861739263,417.50875861739263,0.0,42.647999999999996,2,0,1
32,24,XL,120,0.2,76.19999999999999,616.0,0,485.2887586173926,485.2887586173926,84.172,47.720000000000006,1,0,1
32,25,M,75,0.18,35.58,616.0,0,514.2327586173926,514.2327586173926,131.89200000000002,28.944,1,0,1
32,26,XL,120,0.2,76.19999999999999,616.0,0,562.0327586173926,562.0327586173926,160.83600000000004,47.8,1,0,1
32,27,M,75,0.18,14.160000000000004,616.0,0,433.45275861739253,433.45275861739253,50.99999999999997,29.056,1,0,1
32,28,S,55,0.17,48.2,616.0,0,421.82075861739264,421.82075861739264,0.0,43.44800000000001,2,0,1
32,29,XL,120,0.2,112.0,616.0,0,400.1967586173926,400.1967586173926,0.0,46.800000000000004,1,0,1
32,30,S,55,0.17,41.57,616.0,0,418.0167586173926,418.0167586173926,21.372,42.79600000000001,2,0,1
32,31,M,75,0.18,32.160000000000004,616.0,0,440.00475861739255,440.00475861739255,57.55199999999999,29.055999999999994,1,0,1
32,32,S,55,0.17,34.769999999999996,616.0,0,436.9767586173926,436.9767586173926,0.0,83.58000000000001,2,0,1
32,33,S,55,0.17,44.8,616.0,0,512.0687586173926,512.0687586173926,95.36000000000001,42.647999999999996,2,0,1
32,34,S,55,0.17,51.6,616.0,0,476.7807586173925,476.7807586173925,80.05599999999998,43.328,2,0,1
32,35,M,75,0.18,28.560000000000002,616.0,0,430.85275861739257,430.85275861739257,47.72,29.736000000000004,1,0,1
32,36,XL,120,0.2,88.2,616.0,0,399.99675861739263,399.99675861739263,0.0,46.599999999999994,1,0,1
32,37,S,55,0.17,44.8,616.0,0,533.6927586173927,533.6927586173927,136.84800000000007,43.448,2,0,1
32,38,XL,120,0.2,116.0,616.0,0,401.35675861739253,401.35675861739253,0.0,47.96,1,0,1
32,39,S,55,0.17,51.6,616.0,0,498.40475861739253,498.40475861739253,101.75999999999996,43.048,2,0,1
32,40,XL,120,0.2,72.4,616.0,0,486.64475861739254,486.64475861739254,86.60799999999998,46.64000000000001,1,0,1
32,41,M,75,0.18,17.760000000000005,616.0,0,382.49275861739255,382.49275861739255,0.0,29.096000000000004,1,0,1
32,42,XL,120,0.2,108.0,616.0,0,447.19675861739256,447.19675861739256,0.0,47.32,1,0,1
32,43,M,75,0.18,10.560000000000002,616.0,0,404.31675861739257,404.31675861739257,0.0,29.895999999999997,1,0,1
32,44,S,55,0.17,44.8,616.0,0,555.3167586173927,555.3167586173927,158.4720000000001,43.448,2,0,1
32,45,S,55,0.17,51.6,616.0,0,520.0287586173926,520.0287586173926,123.18399999999994,42.928,2,0,1
32,46,S,55,0.17,38.17,616.0,0,439.00075861739265,439.00075861739265,43.24800000000009,42.356,2,0,1
32,47,S,55,0.17,51.6,616.0,0,541.6527586173926,541.6527586173926,144.48799999999997,43.128,2,0,1
32,48,L,95,0.19,38.38,616.0,0,391.2047586173926,391.2047586173926,0.0,37.80800000000001,1,0,1
32,49,M,75,0.18,24.96,616.0,0,418.86075861739255,418.86075861739255,36.647999999999996,28.815999999999995,1,0,1
32,50,S,55,0.17,51.6,616.0,0,563.2767586173926,563.2767586173926,165.992,43.528000000000006,2,0,1
32,1,XL,120,0.2,104.2,616.0,0,400.19675861739256,400.19675861739256,0.0,46.800000000000004,1,0,2
32,2,S,55,0.17,48.2,616.0,0,437.7327586173926,437.7327586173926,0.0,84.33600000000001,2,0,2
32,3,XL,120,0.2,96.2,616.0,0,401.3167586173926,401.3167586173926,0.0,47.92,1,0,2
32,4,L,95,0.19,53.39,616.0,0,389.9687586173926,389.9687586173926,0.0,36.572,1,0,2
32,5,S,55,0.17,34.769999999999996,616.0,0,422.94075861739265,422.94075861739265,27.268000000000086,42.276,2,0,2
32,6,S,55,0.17,38.17,616.0,0,421.7007586173926,421.7007586173926,25.587999999999965,42.716,2,0,2
32,7,S,55,0.17,4.339999999999996,616.0,0,375.34075861739257,375.34075861739257,0.0,21.944000000000003,1,0,2
32,8,S,55,0.17,44.8,616.0,0,574.1487586173927,574.1487586173927,38.74800000000005,182.004,2,0,2
32,9,XL,120,0.2,100.2,616.0,0,401.15675861739254,401.15675861739254,0.0,47.760000000000005,1,0,2
32,10,S,55,0.17,48.2,616.0,0,500.4447586173926,500.4447586173926,62.71200000000002,84.33600000000001,2,0,2
32,11,S,55,0.17,0.9399999999999977,616.0,0,374.54075861739256,374.54075861739256,0.0,21.144000000000002,1,0,2
32,12,S,55,0.17,34.769999999999996,616.0,0,444.56475861739267,444.56475861739267,48.89200000000011,42.276,2,0,2
32,13,M,75,0.18,14.160000000000004,616.0,0,382.8927586173926,382.8927586173926,0.0,29.496000000000002,1,0,2
32,14,S,55,0.17,38.17,616.0,0,422.78075861739256,422.78075861739256,26.267999999999972,43.116,2,0,2
32,15,S,55,0.17,51.6,616.0,0,425.34075861739257,425.34075861739257,29.49600000000001,42.448,2,0,2
32,16,XL,120,0.2,84.19999999999999,616.0,0,401.15675861739254,401.15675861739254,0.0,47.760000000000005,1,0,2
32,17,L,95,0.19,72.39,616.0,0,391.2887586173926,391.2887586173926,0.0,37.892,1,0,2
32,18,S,55,0.17,44.8,616.0,0,552.5247586173926,552.5247586173926,0.0,178.404,2,0,2
32,19,S,55,0.17,48.2,616.0,0,563.0367586173926,563.0367586173926,125.42400000000004,84.21600000000001,2,0,2
32,20,S,55,0.17,41.57,616.0,0,396.4727586173926,396.4727586173926,0.0,43.076,2,0,2
32,21,XL,120,0.2,112.0,616.0,0,400.6767586173926,400.6767586173926,0.0,47.28,1,0,2
32,22,S,55,0.17,38.17,616.0,0,443.3247586173926,443.3247586173926,47.37199999999997,42.556,2,0,2
32,23,S,55,0.17,41.57,616.0,0,417.61675861739263,417.61675861739263,0.0,43.316,2,0,2
32,24,S,55,0.17,48.2,616.0,0,627.3087586173926,627.3087586173926,188.01600000000002,85.896,2,0,2
32,25,XL,120,0.2,84.19999999999999,616.0,0,399.9967586173925,399.9967586173925,0.0,46.599999999999994,1,0,2
32,26,S,55,0.17,51.6,616.0,0,447.28475861739264,447.28475861739264,50.32000000000002,43.568,2,0,2
32,27,XL,120,0.2,88.2,616.0,0,494.2767586173926,494.2767586173926,0.0,140.88000000000002,1,0,2
32,28,S,55,0.17,44.8,616.0,0,595.7727586173927,595.7727586173927,58.27200000000005,184.104,2,0,2
32,29,S,55,0.17,44.8,616.0,0,530.9007586173926,530.9007586173926,0.0,177.504,2,0,2
32,30,XL,120,0.2,84.19999999999999,616.0,0,446.5167586173925,446.5167586173925,46.599999999999966,46.52,1,0,2
32,31,S,55,0.17,48.2,616.0,0,690.9807586173927,690.9807586173927,252.288,85.296,2,0,2
32,32,S,55,0.17,38.17,616.0,0,444.4047586173926,444.4047586173926,26.0,43.516,2,0,2
32,33,L,95,0.19,45.98,616.0,0,391.2847586173926,391.2847586173926,0.0,37.888,1,0,2
32,34,XL,120,0.2,100.2,616.0,0,400.07675861739256,400.07675861739256,0.0,46.68,1,0,2
32,35,XL,120,0.2,96.2,616.0,0,438.9687586173926,438.9687586173926,0.0,47.68,1,0,2
32,36,M,75,0.18,32.160000000000004,616.0,0,439.9647586173926,439.9647586173926,0.0,86.56799999999998,1,0,2
32,37,M,75,0.18,24.96,616.0,0,383.1327586173926,383.1327586173926,0.0,29.736000000000004,1,0,2
32,38,L,95,0.19,34.58,616.0,0,390.56475861739256,390.56475861739256,0.0,37.168,1,0,2
32,39,S,55,0.17,41.57,616.0,0,395.9927586173926,395.9927586173926,0.0,42.596000000000004,2,0,2
32,40,M,75,0.18,21.36,616.0,0,382.7327586173925,382.7327586173925,0.0,29.336,1,0,2
32,41,M,75,0.18,17.760000000000005,616.0,0,383.0927586173925,383.0927586173925,0.0,29.696000000000005,1,0,2
32,42,S,55,0.17,0.9399999999999977,616.0,0,396.0847586173926,396.0847586173926,0.0,21.544,1,0,2
32,43,S,55,0.17,38.17,616.0,0,464.9487586173926,464.9487586173926,69.03600000000007,42.516,2,0,2
32,44,L,95,0.19,60.99,616.0,0,438.5687586173925,438.5687586173925,47.75999999999999,37.412000000000006,1,0,2
32,45,S,55,0.17,48.2,616.0,0,753.6927586173927,753.6927586173927,315.96000000000004,84.33600000000001,2,0,2
32,46,S,55,0.17,51.6,616.0,0,468.1087586173926,468.1087586173926,72.26400000000004,42.448,2,0,2
32,47,S,55,0.17,0.9399999999999977,616.0,0,404.39675861739255,404.39675861739255,29.695999999999998,21.304000000000002,1,0,2
32,48,S,55,0.17,0.9399999999999977,616.0,0,412.1087586173926,412.1087586173926,37.168000000000006,21.544,1,0,2
32,49,S,55,0.17,38.17,616.0,0,466.0287586173926,466.0287586173926,70.31600000000002,42.316,2,0,2
32,50,XL,120,0.2,80.19999999999999,616.0,0,400.4767586173926,400.4767586173926,0.0,47.080000000000005,1,0,2
32,1,M,75,0.18,10.560000000000002,616.0,0,382.81275861739255,382.81275861739255,0.0,29.415999999999997,1,0,3
32,2,S,55,0.17,41.57,616.0,0,421.7407586173926,421.7407586173926,25.30800000000005,43.036,2,0,3
32,3,S,55,0.17,48.2,616.0,0,396.0847586173926,396.0847586173926,0.0,42.688,2,0,3
32,4,S,55,0.17,41.57,616.0,0,443.3647586173926,443.3647586173926,47.17200000000004,42.79600000000001,2,0,3
32,5,XL,120,0.2,88.2,616.0,0,399.8767586173926,399.8767586173926,0.0,46.480000000000004,1,0,3
32,6,XL,120,0.2,116.0,616.0,0,401.35675861739253,401.35675861739253,0.0,47.96,1,0,3
32,7,XL,120,0.2,88.2,616.0,0,401.2767586173926,401.2767586173926,0.0,47.88,1,0,3
32,8,XL,120,0.2,80.19999999999999,616.0,0,400.2767586173926,400.2767586173926,0.0,46.88,1,0,3
32,9,XL,120,0.2,68.4,616.0,0,496.31675861739257,496.31675861739257,0.0,142.92000000000002,1,0,3
32,10,M,75,0.18,6.960000000000008,616.0,0,382.1327586173926,382.1327586173926,0.0,28.736000000000004,1,0,3
32,11,XL,120,0.2,84.19999999999999,616.0,0,400.07675861739256,400.07675861739256,0.0,46.68,1,0,3
32,12,XL,120,0.2,80.19999999999999,616.0,0,400.07675861739256,400.07675861739256,0.0,46.68,1,0,3
32,13,S,55,0.17,38.17,616.0,0,396.59275861739263,396.59275861739263,0.0,43.196,2,0,3
32,14,L,95,0.19,45.98,616.0,0,464.42075861739255,464.42075861739255,0.0,111.02399999999999,1,0,3
32,15,L,95,0.19,57.19,616.0,0,436.88875861739257,436.88875861739257,46.67999999999998,36.812000000000005,1,0,3
32,16,L,95,0.19,49.78,616.0,0,390.0847586173926,390.0847586173926,0.0,36.688,1,0,3
32,17,XL,120,0.2,96.2,616.0,0,495.47675861739265,495.47675861739265,0.0,142.08,1,0,3
32,18,S,55,0.17,51.6,616.0,0,396.36475861739257,396.36475861739257,0.0,42.968,2,0,3
32,19,XL,120,0.2,72.4,616.0,0,437.2447586173926,437.2447586173926,0.0,47.160000000000004,1,0,3
32,20,L,95,0.19,34.58,616.0,0,390.0847586173926,390.0847586173926,0.0,36.688,1,0,3
32,21,L,95,0.19,49.78,616.0,0,475.1327586173926,475.1327586173926,83.84800000000004,37.888000000000005,1,0,3
32,22,S,55,0.17,34.769999999999996,616.0,0,560.3487586173926,560.3487586173926,121.34800000000007,85.604,2,0,3
32,23,S,55,0.17,4.339999999999996,616.0,0,375.38075861739253,375.38075861739253,0.0,21.984,1,0,3
32,24,S,55,0.17,44.8,616.0,0,396.12475861739256,396.12475861739256,0.0,42.727999999999994,2,0,3
32,25,S,55,0.17,0.9399999999999977,616.0,0,374.0607586173926,374.0607586173926,0.0,20.664,1,0,3
32,26,XL,120,0.2,68.4,616.0,0,494.99675861739263,494.99675861739263,0.0,141.60000000000002,1,0,3
32,27,L,95,0.19,53.39,616.0,0,390.44875861739257,390.44875861739257,0.0,37.052,1,0,3
32,28,L,95,0.19,53.39,616.0,0,390.4887586173926,390.4887586173926,0.0,37.092,1,0,3
32,29,M,75,0.18,17.760000000000005,616.0,0,403.9967586173926,403.9967586173926,0.0,29.936,1,0,3
32,30,S,55,0.17,4.339999999999996,616.0,0,375.22075861739256,375.22075861739256,0.0,21.824,1,0,3
32,31,XL,120,0.2,68.4,616.0,0,494.7567586173926,494.7567586173926,0.0,141.36,1,0,3
32,32,XL,120,0.2,92.2,616.0,0,400.07675861739256,400.07675861739256,0.0,46.68,1,0,3
32,33,S,55,0.17,38.17,616.0,0,396.4727586173926,396.4727586173926,0.0,43.076,2,0,3
32,34,S,55,0.17,48.2,616.0,0,416.7887586173926,416.7887586173926,21.063999999999993,42.328,2,0,3
32,35,XL,120,0.2,68.4,616.0,0,607.3407586173926,607.3407586173926,0.0,142.92000000000002,1,0,3
32,36,XL,120,0.2,76.19999999999999,616.0,0,437.4887586173926,437.4887586173926,0.0,47.04,1,0,3
32,37,XL,120,0.2,108.0,616.0,0,399.9967586173925,399.9967586173925,0.0,46.599999999999994,1,0,3
32,38,S,55,0.17,38.17,616.0,0,417.6047586173926,417.6047586173926,21.452000000000012,42.756,2,0,3
32,39,S,55,0.17,41.57,616.0,0,464.98875861739265,464.98875861739265,69.11600000000008,42.476,2,0,3
32,40,L,95,0.19,60.99,616.0,0,391.32875861739257,391.32875861739257,0.0,37.932,1,0,3
32,41,M,75,0.18,35.58,616.0,0,419.1927586173926,419.1927586173926,37.09200000000001,28.703999999999997,1,0,3
32,42,XL,120,0.2,96.2,616.0,0,495.71675861739266,495.71675861739266,0.0,142.32000000000002,1,0,3
32,43,XL,120,0.2,104.2,616.0,0,400.1167586173926,400.1167586173926,0.0,46.720000000000006,1,0,3
32,44,S,55,0.17,41.57,616.0,0,486.61275861739267,486.61275861739267,90.62000000000008,42.596000000000004,2,0,3
32,45,XL,120,0.2,72.4,616.0,0,522.8127586173925,522.8127586173925,121.73600000000002,47.68,1,0,3
32,46,S,55,0.17,44.8,616.0,0,417.90875861739255,417.90875861739255,0.0,43.408,2,0,3
32,47,S,55,0.17,41.57,616.0,0,508.2367586173927,508.2367586173927,111.60400000000008,43.236000000000004,2,0,3
32,48,XL,120,0.2,100.2,616.0,0,400.9967586173926,400.9967586173926,0.0,47.6,1,0,3
32,49,M,75,0.18,14.160000000000004,616.0,0,403.47675861739253,403.47675861739253,0.0,28.736000000000004,1,0,3
32,50,S,55,0.17,48.2,616.0,0,426.14075861739263,426.14075861739263,29.415999999999997,43.328,2,0,3
32,1,L,95,0.19,57.19,616.0,0,391.20875861739256,391.20875861739256,0.0,37.812,1,0,4
32,2,S,55,0.17,34.769999999999996,616.0,0,439.2007586173926,439.2007586173926,0.0,85.804,2,0,4
32,3,XL,120,0.2,112.0,616.0,0,400.55675861739263,400.55675861739263,0.0,47.160000000000004,1,0,4
32,4,S,55,0.17,38.17,616.0,0,422.6207586173926,422.6207586173926,26.188000000000045,43.036,2,0,4
32,5,L,95,0.19,53.39,616.0,0,389.88875861739257,389.88875861739257,0.0,36.492000000000004,1,0,4
32,6,S,55,0.17,41.57,616.0,0,395.79275861739256,395.79275861739256,0.0,42.396,2,0,4
32,7,M,75,0.18,21.36,616.0,0,382.69275861739254,382.69275861739254,0.0,29.296,1,0,4
32,8,L,95,0.19,53.39,616.0,0,390.32875861739257,390.32875861739257,0.0,36.932,1,0,4
32,9,S,55,0.17,48.2,616.0,0,422.18075861739266,422.18075861739266,25.77600000000001,43.008,2,0,4
32,10,XL,120,0.2,96.2,616.0,0,493.0767586173926,493.0767586173926,0.0,139.68,1,0,4
32,11,XL,120,0.2,108.0,616.0,0,400.27675861739255,400.27675861739255,0.0,46.88,1,0,4
32,12,S,55,0.17,44.8,616.0,0,417.3887586173926,417.3887586173926,0.0,42.808,2,0,4
32,13,XL,120,0.2,84.19999999999999,616.0,0,495.95675861739255,495.95675861739255,0.0,142.56000000000003,1,0,4
32,14,L,95,0.19,42.18,616.0,0,390.2847586173925,390.2847586173925,0.0,36.888,1,0,4
32,15,XL,120,0.2,112.0,616.0,0,400.4367586173926,400.4367586173926,0.0,47.04,1,0,4
32,16,S,55,0.17,44.8,616.0,0,395.7647586173926,395.7647586173926,0.0,42.367999999999995,2,0,4
32,17,S,55,0.17,44.8,616.0,0,421.90075861739257,421.90075861739257,20.744,42.327999999999996,2,0,4
32,18,M,75,0.18,35.58,616.0,0,382.0607586173926,382.0607586173926,0.0,28.663999999999998,1,0,4
32,19,XL,120,0.2,104.2,616.0,0,401.19675861739256,401.19675861739256,0.0,47.8,1,0,4
32,20,XL,120,0.2,72.4,616.0,0,400.9167586173926,400.9167586173926,0.0,47.52,1,0,4
32,21,S,55,0.17,44.8,616.0,0,422.90075861739257,422.90075861739257,21.183999999999997,42.448,2,0,4
32,22,S,55,0.17,41.57,616.0,0,417.4167586173926,417.4167586173926,0.0,43.236000000000004,2,0,4
32,23,L,95,0.19,57.19,616.0,0,391.1287586173926,391.1287586173926,0.0,37.732,1,0,4
32,24,XL,120,0.2,96.2,616.0,0,495.11675861739263,495.11675861739263,0.0,141.72,1,0,4
32,25,S,55,0.17,0.9399999999999977,616.0,0,374.50075861739253,374.50075861739253,0.0,21.104,1,0,4
32,26,XL,120,0.2,104.2,616.0,0,400.5567586173926,400.5567586173926,0.0,47.160000000000004,1,0,4
32,27,S,55,0.17,0.9399999999999977,616.0,0,374.54075861739256,374.54075861739256,0.0,21.144000000000002,1,0,4
32,28,S,55,0.17,41.57,616.0,0,422.1807586173926,422.1807586173926,20.772000000000006,42.356,2,0,4
32,29,S,55,0.17,48.2,616.0,0,443.8047586173927,443.8047586173927,47.12000000000006,43.288,2,0,4
32,30,S,55,0.17,41.57,616.0,0,422.8207586173926,422.8207586173926,21.61200000000001,42.756,2,0,4
32,31,XL,120,0.2,80.19999999999999,616.0,0,399.83675861739255,399.83675861739255,0.0,46.44,1,0,4
32,32,L,95,0.19,68.59,616.0,0,390.2487586173925,390.2487586173925,0.0,36.852,1,0,4
32,33,S,55,0.17,44.8,616.0,0,439.01275861739265,439.01275861739265,41.44800000000001,43.007999999999996,2,0,4
32,34,XL,120,0.2,96.2,616.0,0,493.6767586173926,493.6767586173926,0.0,140.28,1,0,4
32,35,M,75,0.18,28.560000000000002,616.0,0,383.17275861739256,383.17275861739256,0.0,29.775999999999996,1,0,4
32,36,XL,120,0.2,84.19999999999999,616.0,0,635.9967586173925,635.9967586173925,142.56,140.04,1,0,4
32,37,S,55,0.17,41.57,616.0,0,439.0407586173926,439.0407586173926,41.504000000000005,43.236000000000004,2,0,4
32,38,S,55,0.17,38.17,616.0,0,444.2447586173926,444.2447586173926,25.880000000000052,43.556,2,0,4
32,39,S,55,0.17,51.6,616.0,0,395.7247586173926,395.7247586173926,0.0,42.328,2,0,4
32,40,XL,120,0.2,92.2,616.0,0,400.7967586173926,400.7967586173926,0.0,47.400000000000006,1,0,4
32,41,M,75,0.18,10.560000000000002,616.0,0,382.7327586173926,382.7327586173926,0.0,29.336,1,0,4
32,42,M,75,0.18,17.760000000000005,616.0,0,403.47675861739253,403.47675861739253,0.0,28.976,1,0,4
32,43,S,55,0.17,48.2,616.0,0,469.70075861739264,469.70075861739264,51.59200000000004,43.328,2,0,4
32,44,L,95,0.19,60.99,616.0,0,746.3127586173925,746.3127586173925,282.59999999999997,110.31600000000002,1,0,4
32,45,S,55,0.17,48.2,616.0,0,465.4287586173927,465.4287586173927,69.46400000000011,42.568,2,0,4
32,46,XL,120,0.2,112.0,616.0,0,448.0767586173926,448.0767586173926,0.0,47.64,1,0,4
32,47,XL,120,0.2,100.2,616.0,0,400.9967586173926,400.9967586173926,0.0,47.6,1,0,4
32,48,XL,120,0.2,108.0,616.0,0,401.27675861739255,401.27675861739255,0.0,47.88,1,0,4
32,49,S,55,0.17,48.2,616.0,0,487.0527586173927,487.0527586173927,91.16800000000012,42.488,2,0,4
32,50,S,55,0.17,48.2,616.0,0,491.32475861739266,491.32475861739266,95.24000000000007,42.688,2,0,4
32,1,XL,120,0.2,68.4,616.0,0,400.5167586173926,400.5167586173926,0.0,47.120000000000005,1,0,5
32,2,XL,120,0.2,76.19999999999999,616.0,0,400.87675861739257,400.87675861739257,0.0,47.48,1,0,5
32,3,S,55,0.17,4.339999999999996,616.0,0,418.38875861739257,418.38875861739257,0.0,64.992,1,0,5
32,4,XL,120,0.2,92.2,616.0,0,401.15675861739254,401.15675861739254,0.0,47.760000000000005,1,0,5
32,5,M,75,0.18,17.760000000000005,616.0,0,382.57275861739254,382.57275861739254,0.0,29.176,1,0,5
32,6,S,55,0.17,38.17,616.0,0,558.1887586173926,558.1887586173926,118.62800000000004,86.164,2,0,5
32,7,M,75,0.18,21.36,616.0,0,440.8047586173925,440.8047586173925,0.0,87.408,1,0,5
32,8,S,55,0.17,0.9399999999999977,616.0,0,404.19675861739256,404.19675861739256,29.175999999999988,21.624,1,0,5
32,9,L,95,0.19,42.18,616.0,0,391.1647586173925,391.1647586173925,0.0,37.768,1,0,5
32,10,S,55,0.17,48.2,616.0,0,396.6047586173926,396.6047586173926,0.0,43.208,2,0,5
32,11,XL,120,0.2,84.19999999999999,616.0,0,400.75675861739256,400.75675861739256,0.0,47.36,1,0,5
32,12,XL,120,0.2,72.4,616.0,0,400.5967586173926,400.5967586173926,0.0,47.2,1,0,5
32,13,S,55,0.17,41.57,616.0,0,422.8207586173926,422.8207586173926,26.74799999999999,42.676,2,0,5
32,14,L,95,0.19,57.19,616.0,0,390.44875861739257,390.44875861739257,0.0,37.052,1,0,5
32,15,XL,120,0.2,100.2,616.0,0,497.27675861739255,497.27675861739255,0.0,143.88,1,0,5
32,16,L,95,0.19,49.78,616.0,0,437.6047586173926,437.6047586173926,47.20000000000002,37.008,1,0,5
32,17,M,75,0.18,24.96,616.0,0,420.86075861739255,420.86075861739255,37.768,29.695999999999998,1,0,5
32,18,S,55,0.17,41.57,616.0,0,444.4447586173926,444.4447586173926,26.399999999999977,43.596000000000004,2,0,5
32,19,XL,120,0.2,100.2,616.0,0,493.31675861739257,493.31675861739257,0.0,139.92000000000002,1,0,5
32,20,XL,120,0.2,72.4,616.0,0,484.6047586173926,484.6047586173926,84.208,47.00000000000001,1,0,5
32,21,S,55,0.17,4.339999999999996,616.0,0,418.26875861739256,418.26875861739256,0.0,64.872,1,0,5
32,22,S,55,0.17,41.57,616.0,0,466.06875861739263,466.06875861739263,69.55600000000005,43.116,2,0,5
32,23,XL,120,0.2,100.2,616.0,0,497.27675861739255,497.27675861739255,0.0,143.88,1,0,5
32,24,M,75,0.18,28.560000000000002,616.0,0,382.69275861739254,382.69275861739254,0.0,29.296,1,0,5
32,25,XL,120,0.2,88.2,616.0,0,400.3967586173926,400.3967586173926,0.0,47.0,1,0,5
32,26,M,75,0.18,32.160000000000004,616.0,0,514.0607586173926,514.0607586173926,131.208,29.455999999999992,1,0,5
32,27,XL,120,0.2,96.2,616.0,0,400.9167586173926,400.9167586173926,0.0,47.52,1,0,5
32,28,XL,120,0.2,68.4,616.0,0,400.07675861739256,400.07675861739256,0.0,46.68,1,0,5
32,29,XL,120,0.2,76.19999999999999,616.0,0,448.83675861739255,448.83675861739255,0.0,47.96,1,0,5
32,30,XL,120,0.2,96.2,616.0,0,447.5967586173926,447.5967586173926,47.51999999999998,46.68,1,0,5
32,31,S,55,0.17,48.2,616.0,0,418.2287586173926,418.2287586173926,21.584000000000003,43.128,2,0,5
32,32,M,75,0.18,32.160000000000004,616.0,0,543.7167586173925,543.7167586173925,160.66400000000002,29.655999999999995,1,0,5
32,33,XL,120,0.2,68.4,616.0,0,401.0367586173926,401.0367586173926,0.0,47.64,1,0,5
32,34,S,55,0.17,48.2,616.0,0,439.8527586173926,439.8527586173926,43.08800000000002,42.488,2,0,5
32,35,XL,120,0.2,108.0,616.0,0,400.87675861739257,400.87675861739257,0.0,47.48,1,0,5
32,36,M,75,0.18,14.160000000000004,616.0,0,382.01275861739254,382.01275861739254,0.0,28.615999999999996,1,0,5
32,37,S,55,0.17,48.2,616.0,0,461.47675861739265,461.47675861739265,63.95200000000003,42.488,2,0,5
32,38,M,75,0.18,32.160000000000004,616.0,0,573.2927586173926,573.2927586173926,190.32000000000002,29.576,1,0,5
32,39,L,95,0.19,38.38,616.0,0,465.98075861739255,465.98075861739255,0.0,112.58399999999999,1,0,5
32,40,XL,120,0.2,68.4,616.0,0,429.4527586173926,429.4527586173926,0.0,46.76,1,0,5
32,41,S,55,0.17,38.17,616.0,0,562.1487586173926,562.1487586173926,122.26799999999997,86.48400000000001,2,0,5
32,42,M,75,0.18,35.58,616.0,0,477.7007586173925,477.7007586173925,95.43999999999997,28.863999999999997,1,0,5
32,43,S,55,0.17,51.6,616.0,0,396.5647586173926,396.5647586173926,0.0,43.168,2,0,5
32,44,XL,120,0.2,72.4,616.0,0,620.3327586173926,620.3327586173926,219.89600000000004,47.04,1,0,5
32,45,XL,120,0.2,104.2,616.0,0,401.19675861739256,401.19675861739256,0.0,47.8,1,0,5
32,46,S,55,0.17,41.57,616.0,0,487.69275861739266,487.69275861739266,91.50000000000004,42.79600000000001,2,0,5
32,47,S,55,0.17,38.17,616.0,0,562.1487586173926,562.1487586173926,100.73599999999999,86.724,2,0,5
32,48,S,55,0.17,51.6,616.0,0,418.1887586173926,418.1887586173926,0.0,43.248,2,0,5
32,49,L,95,0.19,57.19,616.0,0,390.40875861739255,390.40875861739255,0.0,37.012,1,0,5
32,50,S,55,0.17,41.57,616.0,0,509.3167586173927,509.3167586173927,113.36400000000005,42.556,2,0,5
32,1,XL,120,0.2,76.19999999999999,616.0,0,400.75675861739256,400.75675861739256,0.0,47.36,1,0,6
32,2,XL,120,0.2,100.2,616.0,0,399.83675861739255,399.83675861739255,0.0,46.44,1,0,6
32,3,XL,120,0.2,108.0,616.0,0,400.15675861739254,400.15675861739254,0.0,46.76,1,0,6
32,4,XL,120,0.2,68.4,616.0,0,400.7967586173926,400.7967586173926,0.0,47.400000000000006,1,0,6
32,5,S,55,0.17,51.6,616.0,0,417.5087586173926,417.5087586173926,0.0,43.528000000000006,2,0,6
32,6,S,55,0.17,41.57,616.0,0,437.2167586173926,437.2167586173926,0.0,83.82000000000001,2,0,6
32,7,XL,120,0.2,88.2,616.0,0,400.5967586173926,400.5967586173926,0.0,47.199999999999996,1,0,6
32,8,XL,120,0.2,108.0,616.0,0,400.2367586173925,400.2367586173925,0.0,46.84,1,0,6
32,9,S,55,0.17,0.9399999999999977,616.0,0,374.22075861739256,374.22075861739256,0.0,20.824,1,0,6
32,10,XL,120,0.2,88.2,616.0,0,401.1967586173926,401.1967586173926,0.0,47.8,1,0,6
32,11,XL,120,0.2,104.2,616.0,0,400.1167586173926,400.1167586173926,0.0,46.720000000000006,1,0,6
32,12,XL,120,0.2,108.0,616.0,0,446.95675861739255,446.95675861739255,0.0,46.800000000000004,1,0,6
32,13,S,55,0.17,41.57,616.0,0,500.6127586173926,500.6127586173926,0.0,85.02000000000001,2,0,6
32,14,S,55,0.17,51.6,616.0,0,395.88475861739255,395.88475861739255,0.0,42.488,2,0,6
32,15,S,55,0.17,51.6,616.0,0,396.0447586173926,396.0447586173926,0.0,42.647999999999996,2,0,6
32,16,XL,120,0.2,92.2,616.0,0,494.39675861739255,494.39675861739255,0.0,141.0,1,0,6
32,17,L,95,0.19,42.18,616.0,0,391.2847586173925,391.2847586173925,0.0,37.888,1,0,6
32,18,XL,120,0.2,96.2,616.0,0,400.5167586173926,400.5167586173926,0.0,47.120000000000005,1,0,6
32,19,S,55,0.17,51.6,616.0,0,417.6687586173926,417.6687586173926,0.0,42.928,2,0,6
32,20,XL,120,0.2,76.19999999999999,616.0,0,448.3567586173926,448.3567586173926,0.0,47.6,1,0,6
32,21,S,55,0.17,41.57,616.0,0,564.4887586173926,564.4887586173926,125.59200000000003,85.5,2,0,6
32,22,S,55,0.17,51.6,616.0,0,422.78075861739256,422.78075861739256,0.0,43.488,2,0,6
32,23,M,75,0.18,17.760000000000005,616.0,0,403.59675861739254,403.59675861739254,0.0,29.375999999999998,1,0,6
32,24,M,75,0.18,24.96,616.0,0,382.25275861739254,382.25275861739254,0.0,28.855999999999995,1,0,6
32,25,M,75,0.18,10.560000000000002,616.0,0,383.29275861739256,383.29275861739256,0.0,29.895999999999997,1,0,6
32,26,S,55,0.17,51.6,616.0,0,439.1327586173926,439.1327586173926,21.903999999999996,42.647999999999996,2,0,6
32,27,S,55,0.17,48.2,616.0,0,396.7647586173926,396.7647586173926,0.0,43.368,2,0,6
32,28,XL,120,0.2,116.0,616.0,0,401.15675861739254,401.15675861739254,0.0,47.760000000000005,1,0,6
32,29,S,55,0.17,44.8,616.0,0,421.86075861739255,421.86075861739255,25.815999999999917,42.647999999999996,2,0,6
32,30,XL,120,0.2,84.19999999999999,616.0,0,400.27675861739255,400.27675861739255,0.0,46.88,1,0,6
32,31,S,55,0.17,44.8,616.0,0,443.4847586173926,443.4847586173926,47.19999999999993,42.888000000000005,2,0,6
32,32,XL,120,0.2,96.2,616.0,0,399.8767586173926,399.8767586173926,0.0,46.480000000000004,1,0,6
32,33,M,75,0.18,17.760000000000005,616.0,0,433.2127586173925,433.2127586173925,50.20000000000002,29.615999999999996,1,0,6
32,34,S,55,0.17,41.57,616.0,0,628.6047586173927,628.6047586173927,189.46800000000002,85.74000000000001,2,0,6
32,35,S,55,0.17,0.9399999999999977,616.0,0,454.2767586173926,454.2767586173926,79.816,21.064,1,0,6
32,36,S,55,0.17,44.8,616.0,0,465.1087586173926,465.1087586173926,68.42399999999998,43.288,2,0,6
32,37,S,55,0.17,4.339999999999996,616.0,0,375.30075861739255,375.30075861739255,0.0,21.904000000000003,1,0,6
32,38,S,55,0.17,48.2,616.0,0,418.6287586173926,418.6287586173926,0.0,43.488,2,0,6
32,39,XL,120,0.2,92.2,616.0,0,492.83675861739255,492.83675861739255,0.0,139.44,1,0,6
32,40,S,55,0.17,34.769999999999996,616.0,0,421.50075861739265,421.50075861739265,25.708000000000084,42.396,2,0,6
32,41,L,95,0.19,64.78999999999999,616.0,0,437.1287586173926,437.1287586173926,47.19999999999999,36.532,1,0,6
32,42,S,55,0.17,41.57,616.0,0,691.7607586173926,691.7607586173926,253.58400000000006,84.78,2,0,6
32,43,L,95,0.19,34.58,616.0,0,490.88475861739255,490.88475861739255,100.88000000000002,36.608,1,0,6
32,44,S,55,0.17,0.9399999999999977,616.0,0,512.3887586173926,512.3887586173926,137.48800000000003,21.504000000000005,1,0,6
32,45,S,55,0.17,0.9399999999999977,616.0,0,533.1327586173926,533.1327586173926,158.99200000000005,20.744000000000003,1,0,6
32,46,S,55,0.17,48.2,616.0,0,440.2527586173926,440.2527586173926,29.895999999999987,42.968,2,0,6
32,47,S,55,0.17,41.57,616.0,0,756.4767586173926,756.4767586173926,316.74000000000007,86.34,2,0,6
32,48,M,75,0.18,14.160000000000004,616.0,0,424.1407586173925,424.1407586173925,42.168000000000006,28.576,1,0,6
32,49,S,55,0.17,41.57,616.0,0,818.6727586173927,818.6727586173927,381.4560000000001,83.82000000000001,2,0,6
32,50,XL,120,0.2,92.2,616.0,0,496.19675861739256,496.19675861739256,0.0,142.79999999999998,1,0,6
32,1,XL,120,0.2,108.0,616.0,0,400.95675861739255,400.95675861739255,0.0,47.56,1,0,7
32,2,M,75,0.18,10.560000000000002,616.0,0,382.0127586173926,382.0127586173926,0.0,28.615999999999996,1,0,7
32,3,XL,120,0.2,72.4,616.0,0,496.19675861739256,496.19675861739256,0.0,142.8,1,0,7
32,4,M,75,0.18,14.160000000000004,616.0,0,382.0927586173925,382.0927586173925,0.0,28.696000000000005,1,0,7
32,5,M,75,0.18,10.560000000000002,616.0,0,411.54875861739254,411.54875861739254,0.0,29.536,1,0,7
32,6,XL,120,0.2,92.2,616.0,0,400.15675861739254,400.15675861739254,0.0,46.76,1,0,7
32,7,S,55,0.17,48.2,616.0,0,454.2367586173926,454.2367586173926,58.15199999999999,42.688,2,0,7
32,8,XL,120,0.2,92.2,616.0,0,400.47675861739253,400.47675861739253,0.0,47.080000000000005,1,0,7
32,9,S,55,0.17,38.17,616.0,0,396.3927586173926,396.3927586173926,0.0,42.996,2,0,7
32,10,L,95,0.19,42.18,616.0,0,391.0447586173925,391.0447586173925,0.0,37.648,1,0,7
32,11,M,75,0.18,24.96,616.0,0,420.7007586173926,420.7007586173926,37.647999999999996,29.655999999999995,1,0,7
32,12,XL,120,0.2,80.19999999999999,616.0,0,400.8367586173926,400.8367586173926,0.0,47.440000000000005,1,0,7
32,13,L,95,0.19,57.19,616.0,0,390.9287586173926,390.9287586173926,0.0,37.532,1,0,7
32,14,S,55,0.17,0.9399999999999977,616.0,0,374.46075861739257,374.46075861739257,0.0,21.064,1,0,7
32,15,S,55,0.17,38.17,616.0,0,417.12475861739256,417.12475861739256,21.372,42.356,2,0,7
32,16,M,75,0.18,32.160000000000004,616.0,0,440.0847586173926,440.0847586173926,0.0,86.68799999999999,1,0,7
32,17,XL,120,0.2,108.0,616.0,0,400.19675861739256,400.19675861739256,0.0,46.800000000000004,1,0,7
32,18,M,75,0.18,10.560000000000002,616.0,0,461.42875861739253,461.42875861739253,79.21599999999998,28.815999999999995,1,0,7
32,19,XL,120,0.2,104.2,616.0,0,400.15675861739254,400.15675861739254,0.0,46.76,1,0,7
32,20,XL,120,0.2,92.2,616.0,0,447.5567586173926,447.5567586173926,0.0,47.400000000000006,1,0,7
32,21,XL,120,0.2,76.19999999999999,616.0,0,400.6767586173926,400.6767586173926,0.0,47.28,1,0,7
32,22,S,55,0.17,4.339999999999996,616.0,0,375.10075861739256,375.10075861739256,0.0,21.704,1,0,7
32,23,S,55,0.17,38.17,616.0,0,437.93675861739257,437.93675861739257,42.104,42.436,2,0,7
32,24,S,55,0.17,38.17,616.0,0,459.2287586173926,459.2287586173926,62.91600000000001,42.916,2,0,7
32,25,M,75,0.18,32.160000000000004,616.0,0,527.4927586173926,527.4927586173926,0.0,87.40799999999999,1,0,7
32,26,XL,120,0.2,96.2,616.0,0,400.9567586173926,400.9567586173926,0.0,47.56,1,0,7
32,27,S,55,0.17,4.339999999999996,616.0,0,375.0207586173925,375.0207586173925,0.0,21.624,1,0,7
32,28,XL,120,0.2,92.2,616.0,0,447.03675861739254,447.03675861739254,47.079999999999984,46.56,1,0,7
32,29,M,75,0.18,10.560000000000002,616.0,0,491.3247586173926,491.3247586173926,108.03199999999998,29.895999999999997,1,0,7
32,30,L,95,0.19,57.19,616.0,0,427.6207586173926,427.6207586173926,37.53200000000001,36.692,1,0,7
32,31,XL,120,0.2,84.19999999999999,616.0,0,400.1167586173926,400.1167586173926,0.0,46.720000000000006,1,0,7
32,32,S,55,0.17,41.57,616.0,0,468.8207586173926,468.8207586173926,72.70799999999997,42.716,2,0,7
32,33,XL,120,0.2,92.2,616.0,0,493.47675861739253,493.47675861739253,93.63999999999999,46.44,1,0,7
32,34,S,55,0.17,0.9399999999999977,616.0,0,374.74075861739254,374.74075861739254,0.0,21.344000000000005,1,0,7
32,35,XL,120,0.2,112.0,616.0,0,400.55675861739263,400.55675861739263,0.0,47.160000000000004,1,0,7
32,36,S,55,0.17,41.57,616.0,0,490.4447586173926,490.4447586173926,94.01200000000006,43.036,2,0,7
32,37,M,75,0.18,21.36,616.0,0,382.57275861739254,382.57275861739254,0.0,29.176,1,0,7
32,38,S,55,0.17,44.8,616.0,0,418.4687586173926,418.4687586173926,0.0,43.528,2,0,7
32,39,S,55,0.17,48.2,616.0,0,534.1327586173926,534.1327586173926,137.928,42.808,2,0,7
32,40,L,95,0.19,34.58,616.0,0,411.5087586173926,411.5087586173926,0.0,37.048,1,0,7
32,41,S,55,0.17,44.8,616.0,0,396.8447586173926,396.8447586173926,0.0,43.448,2,0,7
32,42,S,55,0.17,41.57,616.0,0,512.0687586173926,512.0687586173926,115.39600000000007,43.275999999999996,2,0,7
32,43,M,75,0.18,32.160000000000004,616.0,0,586.0047586173926,586.0047586173926,142.79999999999998,89.80799999999998,1,0,7
32,44,S,55,0.17,51.6,616.0,0,424.8207586173926,424.8207586173926,28.695999999999998,42.727999999999994,2,0,7
32,45,XL,120,0.2,84.19999999999999,616.0,0,447.2767586173926,447.2767586173926,0.0,47.160000000000004,1,0,7
32,46,S,55,0.17,38.17,616.0,0,479.88075861739264,479.88075861739264,84.20800000000001,42.275999999999996,2,0,7
32,47,M,75,0.18,17.760000000000005,616.0,0,404.07675861739256,404.07675861739256,0.0,29.336,1,0,7
32,48,XL,120,0.2,80.19999999999999,616.0,0,447.4767586173926,447.4767586173926,47.440000000000026,46.64000000000001,1,0,7
32,49,XL,120,0.2,104.2,616.0,0,447.19675861739256,447.19675861739256,0.0,47.04,1,0,7
32,50,M,75,0.18,14.160000000000004,616.0,0,431.89275861739253,431.89275861739253,49.79999999999998,28.696000000000005,1,0,7
32,1,L,95,0.19,53.39,616.0,0,389.9287586173926,389.9287586173926,0.0,36.532000000000004,1,0,8
32,2,XL,120,0.2,80.19999999999999,616.0,0,399.95675861739255,399.95675861739255,0.0,46.56,1,0,8
32,3,S,55,0.17,51.6,616.0,0,395.92475861739257,395.92475861739257,0.0,42.528000000000006,2,0,8
32,4,L,95,0.19,34.58,616.0,0,389.9247586173925,389.9247586173925,0.0,36.528,1,0,8
32,5,XL,120,0.2,72.4,616.0,0,400.3567586173926,400.3567586173926,0.0,46.96,1,0,8
32,6,L,95,0.19,45.98,616.0,0,390.4047586173926,390.4047586173926,0.0,37.008,1,0,8
32,7,S,55,0.17,34.769999999999996,616.0,0,395.9527586173926,395.9527586173926,0.0,42.556,2,0,8
32,8,M,75,0.18,10.560000000000002,616.0,0,382.85275861739257,382.85275861739257,0.0,29.456,1,0,8
32,9,XL,120,0.2,92.2,616.0,0,400.35675861739253,400.35675861739253,0.0,46.96,1,0,8
32,10,L,95,0.19,49.78,616.0,0,437.7247586173926,437.7247586173926,46.96000000000001,37.368,1,0,8
32,11,XL,120,0.2,100.2,616.0,0,400.87675861739257,400.87675861739257,0.0,47.48,1,0,8
32,12,L,95,0.19,64.78999999999999,616.0,0,390.2087586173926,390.2087586173926,0.0,36.812000000000005,1,0,8
32,13,XL,120,0.2,76.19999999999999,616.0,0,400.0367586173926,400.0367586173926,0.0,46.64000000000001,1,0,8
32,14,XL,120,0.2,88.2,616.0,0,400.4367586173926,400.4367586173926,0.0,47.04,1,0,8
32,15,S,55,0.17,38.17,616.0,0,396.79275861739256,396.79275861739256,0.0,43.396,2,0,8
32,16,XL,120,0.2,96.2,616.0,0,399.8767586173926,399.8767586173926,0.0,46.480000000000004,1,0,8
32,17,S,55,0.17,4.339999999999996,616.0,0,419.34875861739255,419.34875861739255,0.0,65.952,1,0,8
32,18,S,55,0.17,44.8,616.0,0,396.7247586173926,396.7247586173926,0.0,43.327999999999996,2,0,8
32,19,M,75,0.18,32.160000000000004,616.0,0,466.7007586173926,466.7007586173926,84.328,28.976,1,0,8
32,20,S,55,0.17,48.2,616.0,0,422.02075861739263,422.02075861739263,26.216000000000008,42.408,2,0,8
32,21,S,55,0.17,38.17,616.0,0,418.6047586173926,418.6047586173926,0.0,43.436,2,0,8
32,22,L,95,0.19,64.78999999999999,616.0,0,390.3287586173926,390.3287586173926,0.0,36.932,1,0,8
32,23,S,55,0.17,51.6,616.0,0,417.6287586173926,417.6287586173926,0.0,43.328,2,0,8
32,24,S,55,0.17,48.2,616.0,0,443.64475861739265,443.64475861739265,47.72000000000003,42.528000000000006,2,0,8
32,25,S,55,0.17,51.6,616.0,0,438.6527586173926,438.6527586173926,42.608000000000004,42.647999999999996,2,0,8
32,26,S,55,0.17,38.17,616.0,0,440.2567586173926,440.2567586173926,43.58400000000002,43.275999999999996,2,0,8
32,27,L,95,0.19,45.98,616.0,0,390.5647586173926,390.5647586173926,0.0,37.168000000000006,1,0,8
32,28,XL,120,0.2,112.0,616.0,0,400.3967586173926,400.3967586173926,0.0,47.0,1,0,8
32,29,S,55,0.17,44.8,616.0,0,396.8047586173926,396.8047586173926,0.0,43.408,2,0,8
32,30,M,75,0.18,17.760000000000005,616.0,0,382.25275861739254,382.25275861739254,0.0,28.855999999999998,1,0,8
32,31,XL,120,0.2,76.19999999999999,616.0,0,437.88875861739257,437.88875861739257,0.0,47.96,1,0,8
32,32,XL,120,0.2,84.19999999999999,616.0,0,400.71675861739254,400.71675861739254,0.0,47.32000000000001,1,0,8
32,33,S,55,0.17,44.8,616.0,0,418.5087586173926,418.5087586173926,0.0,43.408,2,0,8
32,34,S,55,0.17,51.6,616.0,0,459.9167586173926,459.9167586173926,63.632000000000005,42.888000000000005,2,0,8
32,35,S,55,0.17,0.9399999999999977,616.0,0,402.9967586173925,402.9967586173925,28.855999999999995,20.744000000000003,1,0,8
32,36,S,55,0.17,51.6,616.0,0,481.86075861739255,481.86075861739255,84.89600000000002,43.568,2,0,8
32,37,S,55,0.17,38.17,616.0,0,461.18875861739264,461.18875861739264,65.236,42.556,2,0,8
32,38,S,55,0.17,44.8,616.0,0,418.3487586173926,418.3487586173926,21.783999999999992,42.768,2,0,8
32,39,S,55,0.17,0.9399999999999977,616.0,0,410.6287586173926,410.6287586173926,36.52799999999999,20.704,1,0,8
32,40,M,75,0.18,21.36,616.0,0,439.4847586173926,439.4847586173926,0.0,86.088,1,0,8
32,41,S,55,0.17,38.17,616.0,0,482.3207586173926,482.3207586173926,86.16800000000002,42.756,2,0,8
32,42,S,55,0.17,51.6,616.0,0,502.8447586173926,502.8447586173926,106.84,42.608000000000004,2,0,8
32,43,S,55,0.17,41.57,616.0,0,439.6407586173926,439.6407586173926,0.0,86.244,2,0,8
32,44,S,55,0.17,0.9399999999999977,616.0,0,424.5807586173926,424.5807586173926,49.599999999999994,21.584,1,0,8
32,45,XL,120,0.2,68.4,616.0,0,437.8047586173926,437.8047586173926,0.0,47.400000000000006,1,0,8
32,46,S,55,0.17,0.9399999999999977,616.0,0,431.69275861739254,431.69275861739254,57.232,21.064,1,0,8
32,47,S,55,0.17,44.8,616.0,0,439.9727586173926,439.9727586173926,42.928,43.288,2,0,8
32,48,M,75,0.18,10.560000000000002,616.0,0,404.1167586173926,404.1167586173926,0.0,29.936,1,0,8
32,49,L,95,0.19,64.78999999999999,616.0,0,427.7407586173926,427.7407586173926,0.0,37.532,1,0,8
32,50,S,55,0.17,44.8,616.0,0,440.1327586173926,440.1327586173926,43.488,43.208,2,0,8
32,1,L,95,0.19,42.18,616.0,0,390.4847586173926,390.4847586173926,0.0,37.088,1,0,9
32,2,XL,120,0.2,92.2,616.0,0,400.39675861739255,400.39675861739255,0.0,47.0,1,0,9
32,3,M,75,0.18,24.96,616.0,0,419.8207586173926,419.8207586173926,37.087999999999994,29.336,1,0,9
32,4,S,55,0.17,51.6,616.0,0,439.89275861739253,439.89275861739253,0.0,86.496,2,0,9
32,5,S,55,0.17,4.339999999999996,616.0,0,375.18075861739254,375.18075861739254,0.0,21.784,1,0,9
32,6,L,95,0.19,64.78999999999999,616.0,0,390.0887586173926,390.0887586173926,0.0,36.692,1,0,9
32,7,S,55,0.17,41.57,616.0,0,417.85675861739264,417.85675861739264,0.0,43.316,2,0,9
32,8,S,55,0.17,48.2,616.0,0,396.12475861739256,396.12475861739256,0.0,42.727999999999994,2,0,9
32,9,XL,120,0.2,72.4,616.0,0,401.3567586173926,401.3567586173926,0.0,47.96,1,0,9
32,10,L,95,0.19,64.78999999999999,616.0,0,427.6607586173926,427.6607586173926,0.0,37.571999999999996,1,0,9
32,11,S,55,0.17,48.2,616.0,0,396.9247586173926,396.9247586173926,0.0,43.528000000000006,2,0,9
32,12,S,55,0.17,44.8,616.0,0,396.7647586173926,396.7647586173926,0.0,43.367999999999995,2,0,9
32,13,L,95,0.19,57.19,616.0,0,390.52875861739255,390.52875861739255,0.0,37.132,1,0,9
32,14,S,55,0.17,0.9399999999999977,616.0,0,415.6287586173926,415.6287586173926,0.0,62.232000000000006,1,0,9
32,15,XL,120,0.2,108.0,616.0,0,401.31675861739257,401.31675861739257,0.0,47.92,1,0,9
32,16,S,55,0.17,51.6,616.0,0,461.3567586173926,461.3567586173926,21.623999999999995,86.336,2,0,9
32,17,XL,120,0.2,80.19999999999999,616.0,0,400.3967586173926,400.3967586173926,0.0,47.0,1,0,9
32,18,S,55,0.17,51.6,616.0,0,482.8207586173925,482.8207586173925,43.087999999999994,86.336,2,0,9
32,19,S,55,0.17,38.17,616.0,0,437.2167586173926,437.2167586173926,0.0,83.82000000000001,2,0,9
32,20,S,55,0.17,0.9399999999999977,616.0,0,415.8687586173926,415.8687586173926,0.0,62.47200000000001,1,0,9
32,21,XL,120,0.2,92.2,616.0,0,447.7967586173926,447.7967586173926,0.0,47.400000000000006,1,0,9
32,22,M,75,0.18,10.560000000000002,616.0,0,403.87675861739257,403.87675861739257,0.0,29.375999999999998,1,0,9
32,23,S,55,0.17,48.2,616.0,0,418.06875861739263,418.06875861739263,21.903999999999996,42.768,2,0,9
32,24,S,55,0.17,38.17,616.0,0,458.6007586173926,458.6007586173926,0.0,86.34,2,0,9
32,25,S,55,0.17,48.2,616.0,0,438.7327586173926,438.7327586173926,43.048,42.288,2,0,9
32,26,M,75,0.18,10.560000000000002,616.0,0,433.05275861739256,433.05275861739256,50.47999999999999,29.176,1,0,9
32,27,XL,120,0.2,100.2,616.0,0,400.59675861739254,400.59675861739254,0.0,47.199999999999996,1,0,9
32,28,S,55,0.17,41.57,616.0,0,396.2327586173926,396.2327586173926,0.0,42.836,2,0,9
32,29,L,95,0.19,68.59,616.0,0,484.40875861739255,484.40875861739255,94.40000000000003,36.611999999999995,1,0,9
32,30,L,95,0.19,57.19,616.0,0,428.10075861739256,428.10075861739256,0.0,37.572,1,0,9
32,31,S,55,0.17,41.57,616.0,0,439.48075861739267,439.48075861739267,0.0,43.356,2,0,9
32,32,S,55,0.17,48.2,616.0,0,460.19675861739256,460.19675861739256,63.71199999999999,43.088,2,0,9
32,33,L,95,0.19,38.38,616.0,0,390.8047586173925,390.8047586173925,0.0,37.408,1,0,9
32,34,S,55,0.17,48.2,616.0,0,476.0207586173926,476.0207586173926,79.65599999999998,42.968,2,0,9
32,35,L,95,0.19,38.38,616.0,0,412.02875861739255,412.02875861739255,0.0,36.848,1,0,9
32,36,XL,120,0.2,72.4,616.0,0,399.9167586173926,399.9167586173926,0.0,46.52,1,0,9
32,37,S,55,0.17,34.769999999999996,616.0,0,395.79275861739256,395.79275861739256,0.0,42.396,2,0,9
32,38,S,55,0.17,38.17,616.0,0,436.9767586173926,436.9767586173926,0.0,83.58,2,0,9
32,39,XL,120,0.2,112.0,616.0,0,400.9567586173926,400.9567586173926,0.0,47.56,1,0,9
32,40,XL,120,0.2,96.2,616.0,0,400.3567586173926,400.3567586173926,0.0,46.96,1,0,9
32,41,XL,120,0.2,88.2,616.0,0,475.58075861739263,475.58075861739263,74.26400000000001,47.92,1,0,9
32,42,S,55,0.17,51.6,616.0,0,504.76475861739254,504.76475861739254,64.55199999999999,86.696,2,0,9
32,43,S,55,0.17,38.17,616.0,0,499.7727586173926,499.7727586173926,0.0,84.42000000000002,2,0,9
32,44,M,75,0.18,35.58,616.0,0,382.90075861739257,382.90075861739257,0.0,29.503999999999998,1,0,9
32,45,M,75,0.18,17.760000000000005,616.0,0,442.36475861739257,442.36475861739257,0.0,88.968,1,0,9
32,46,M,75,0.18,35.58,616.0,0,412.0847586173926,412.0847586173926,29.50399999999999,29.183999999999997,1,0,9
32,47,M,75,0.18,28.560000000000002,616.0,0,381.97275861739257,381.97275861739257,0.0,28.576,1,0,9
32,48,S,55,0.17,0.9399999999999977,616.0,0,481.22075861739256,481.22075861739256,0.0,65.59200000000001,1,0,9
32,49,M,75,0.18,10.560000000000002,616.0,0,467.90875861739255,467.90875861739255,85.17599999999999,29.336,1,0,9
32,50,S,55,0.17,48.2,616.0,0,497.1647586173925,497.1647586173925,100.99999999999997,42.768,2,0,9
32,1,XL,120,0.2,80.19999999999999,616.0,0,400.2767586173926,400.2767586173926,0.0,46.88,1,0,10
32,2,L,95,0.19,68.59,616.0,0,463.23275861739256,463.23275861739256,0.0,109.836,1,0,10
32,3,S,55,0.17,51.6,616.0,0,417.5487586173926,417.5487586173926,0.0,42.688,2,0,10
32,4,S,55,0.17,51.6,616.0,0,395.92475861739257,395.92475861739257,0.0,42.528000000000006,2,0,10
32,5,S,55,0.17,48.2,616.0,0,396.04475861739263,396.04475861739263,0.0,42.647999999999996,2,0,10
32,6,S,55,0.17,4.339999999999996,616.0,0,375.18075861739254,375.18075861739254,0.0,21.784,1,0,10
32,7,S,55,0.17,41.57,616.0,0,439.6807586173926,439.6807586173926,42.84800000000001,43.43599999999999,2,0,10
32,8,XL,120,0.2,80.19999999999999,616.0,0,447.5167586173926,447.5167586173926,0.0,47.24000000000001,1,0,10
32,9,L,95,0.19,60.99,616.0,0,390.84875861739255,390.84875861739255,0.0,37.452,1,0,10
32,10,XL,120,0.2,108.0,616.0,0,400.39675861739255,400.39675861739255,0.0,47.0,1,0,10
32,11,XL,120,0.2,108.0,616.0,0,400.5567586173926,400.5567586173926,0.0,47.160000000000004,1,0,10
32,12,XL,120,0.2,76.19999999999999,616.0,0,401.1567586173926,401.1567586173926,0.0,47.760000000000005,1,0,10
32,13,XL,120,0.2,108.0,616.0,0,447.03675861739254,447.03675861739254,47.0,46.64000000000001,1,0,10
32,14,S,55,0.17,48.2,616.0,0,417.66875861739265,417.66875861739265,0.0,43.168,2,0,10
32,15,XL,120,0.2,72.4,616.0,0,400.5967586173926,400.5967586173926,0.0,47.2,1,0,10
32,16,S,55,0.17,38.17,616.0,0,421.5007586173926,421.5007586173926,25.108000000000004,42.996,2,0,10
32,17,XL,120,0.2,80.19999999999999,616.0,0,494.7167586173926,494.7167586173926,94.12000000000003,47.199999999999996,1,0,10
32,18,S,55,0.17,38.17,616.0,0,422.46075861739257,422.46075861739257,25.94799999999998,43.116,2,0,10
32,19,XL,120,0.2,108.0,616.0,0,447.9967586173926,447.9967586173926,0.0,47.440000000000005,1,0,10
32,20,XL,120,0.2,76.19999999999999,616.0,0,399.83675861739255,399.83675861739255,0.0,46.44,1,0,10
32,21,XL,120,0.2,92.2,616.0,0,605.4327586173926,605.4327586173926,0.0,142.20000000000002,1,0,10
32,22,M,75,0.18,17.760000000000005,616.0,0,382.17275861739256,382.17275861739256,0.0,28.776,1,0,10
32,23,S,55,0.17,51.6,616.0,0,439.1727586173926,439.1727586173926,42.28800000000007,43.488,2,0,10
32,24,S,55,0.17,41.57,616.0,0,396.43275861739255,396.43275861739255,0.0,43.036,2,0,10
32,25,L,95,0.19,49.78,616.0,0,390.6047586173926,390.6047586173926,0.0,37.208000000000006,1,0,10
32,26,M,75,0.18,14.160000000000004,616.0,0,403.95675861739255,403.95675861739255,0.0,29.656000000000002,1,0,10
32,27,S,55,0.17,34.769999999999996,616.0,0,395.7527586173926,395.7527586173926,0.0,42.355999999999995,2,0,10
32,28,S,55,0.17,41.57,616.0,0,418.0567586173926,418.0567586173926,0.0,43.076,2,0,10
32,29,L,95,0.19,42.18,616.0,0,390.7247586173926,390.7247586173926,0.0,37.327999999999996,1,0,10
32,30,M,75,0.18,17.760000000000005,616.0,0,382.57275861739254,382.57275861739254,0.0,29.176,1,0,10
32,31,XL,120,0.2,100.2,616.0,0,399.87675861739257,399.87675861739257,0.0,46.480000000000004,1,0,10
32,32,L,95,0.19,34.58,616.0,0,418.90075861739257,418.90075861739257,0.0,36.728,1,0,10
32,33,L,95,0.19,49.78,616.0,0,428.4527586173926,428.4527586173926,0.0,37.848,1,0,10
32,34,M,75,0.18,17.760000000000005,616.0,0,411.46875861739255,411.46875861739255,29.175999999999988,28.896000000000004,1,0,10
32,35,S,55,0.17,48.2,616.0,0,439.2927586173927,439.2927586173927,0.0,43.608000000000004,2,0,10
32,36,S,55,0.17,38.17,616.0,0,443.1247586173926,443.1247586173926,25.360000000000014,42.996,2,0,10
32,37,L,95,0.19,64.78999999999999,616.0,0,391.1287586173926,391.1287586173926,0.0,37.732,1,0,10
32,38,M,75,0.18,28.560000000000002,616.0,0,382.2127586173926,382.2127586173926,0.0,28.815999999999995,1,0,10
32,39,XL,120,0.2,84.19999999999999,616.0,0,400.6767586173926,400.6767586173926,0.0,47.28,1,0,10
32,40,S,55,0.17,48.2,616.0,0,460.9167586173927,460.9167586173927,42.64800000000008,43.328,2,0,10
32,41,S,55,0.17,38.17,616.0,0,444.0847586173926,444.0847586173926,25.75999999999999,43.436,2,0,10
32,42,XL,120,0.2,80.19999999999999,616.0,0,541.4367586173926,541.4367586173926,141.32000000000002,46.720000000000006,1,0,10
32,43,S,55,0.17,48.2,616.0,0,482.5407586173927,482.5407586173927,86.41600000000014,42.727999999999994,2,0,10
32,44,L,95,0.19,57.19,616.0,0,578.2887586173927,578.2887586173927,188.04000000000005,36.852000000000004,1,0,10
32,45,S,55,0.17,38.17,616.0,0,464.74875861739264,464.74875861739264,67.91600000000004,43.436,2,0,10
32,46,XL,120,0.2,72.4,616.0,0,447.1567586173926,447.1567586173926,47.20000000000002,46.56,1,0,10
32,47,S,55,0.17,44.8,616.0,0,469.6207586173926,469.6207586173926,73.33599999999996,42.888000000000005,2,0,10
32,48,S,55,0.17,48.2,616.0,0,504.16475861739275,504.16475861739275,107.4800000000001,43.288,2,0,10
32,49,XL,120,0.2,100.2,616.0,0,400.83675861739255,400.83675861739255,0.0,47.440000000000005,1,0,10
32,50,XL,120,0.2,108.0,616.0,0,493.91675861739253,493.91675861739253,93.63999999999999,46.88,1,0,10
32,1,S,55,0.17,44.8,616.0,0,421.86075861739255,421.86075861739255,25.855999999999938,42.608000000000004,2,0,11
32,2,XL,120,0.2,92.2,616.0,0,401.27675861739255,401.27675861739255,0.0,47.88,1,0,11
32,3,XL,120,0.2,100.2,616.0,0,400.47675861739253,400.47675861739253,0.0,47.080000000000005,1,0,11
32,4,XL,120,0.2,116.0,616.0,0,496.5567586173926,496.5567586173926,0.0,143.16,1,0,11
32,5,XL,120,0.2,92.2,616.0,0,400.07675861739256,400.07675861739256,0.0,46.68,1,0,11
32,6,S,55,0.17,38.17,616.0,0,396.9527586173926,396.9527586173926,0.0,43.556,2,0,11
32,7,XL,120,0.2,96.2,616.0,0,401.23675861739264,401.23675861739264,0.0,47.84,1,0,11
32,8,S,55,0.17,48.2,616.0,0,396.4847586173926,396.4847586173926,0.0,43.088,2,0,11
32,9,S,55,0.17,0.9399999999999977,616.0,0,374.2607586173925,374.2607586173925,0.0,20.864,1,0,11
32,10,S,55,0.17,0.9399999999999977,616.0,0,375.30075861739255,375.30075861739255,0.0,21.904000000000003,1,0,11
32,11,S,55,0.17,48.2,616.0,0,417.18875861739264,417.18875861739264,21.464,42.328,2,0,11
32,12,XL,120,0.2,80.19999999999999,616.0,0,399.9167586173926,399.9167586173926,0.0,46.52,1,0,11
32,13,XL,120,0.2,112.0,616.0,0,399.8367586173926,399.8367586173926,0.0,46.44,1,0,11
32,14,S,55,0.17,51.6,616.0,0,504.0447586173926,504.0447586173926,0.0,86.376,2,0,11
32,15,S,55,0.17,44.8,616.0,0,422.1807586173926,422.1807586173926,25.175999999999988,43.608000000000004,2,0,11
32,16,XL,120,0.2,72.4,616.0,0,400.75675861739256,400.75675861739256,0.0,47.36,1,0,11
32,17,S,55,0.17,44.8,616.0,0,443.4847586173926,443.4847586173926,47.51999999999995,42.568,2,0,11
32,18,XL,120,0.2,116.0,616.0,0,496.6767586173926,496.6767586173926,0.0,143.28,1,0,11
32,19,XL,120,0.2,88.2,616.0,0,399.9567586173926,399.9567586173926,0.0,46.56,1,0,11
32,20,M,75,0.18,32.160000000000004,616.0,0,430.73275861739256,430.73275861739256,47.359999999999985,29.976,1,0,11
32,21,XL,120,0.2,92.2,616.0,0,446.71675861739254,446.71675861739254,46.68000000000001,46.64000000000001,1,0,11
32,22,XL,120,0.2,76.19999999999999,616.0,0,400.07675861739256,400.07675861739256,0.0,46.68,1,0,11
32,23,S,55,0.17,0.9399999999999977,616.0,0,374.2607586173925,374.2607586173925,0.0,20.864,1,0,11
32,24,S,55,0.17,51.6,616.0,0,439.17275861739256,439.17275861739256,0.0,85.77600000000001,2,0,11
32,25,S,55,0.17,41.57,616.0,0,483.1047586173926,483.1047586173926,0.0,129.708,2,0,11
32,26,XL,120,0.2,76.19999999999999,616.0,0,447.75675861739256,447.75675861739256,0.0,47.68,1,0,11
32,27,L,95,0.19,45.98,616.0,0,391.00475861739255,391.00475861739255,0.0,37.608000000000004,1,0,11
32,28,S,55,0.17,51.6,616.0,0,561.5487586173925,561.5487586173925,100.43200000000002,86.816,2,0,11
32,29,M,75,0.18,24.96,616.0,0,383.17275861739256,383.17275861739256,0.0,29.775999999999996,1,0,11
32,30,XL,120,0.2,108.0,616.0,0,400.5567586173926,400.5567586173926,0.0,47.160000000000004,1,0,11
32,31,XL,120,0.2,80.19999999999999,616.0,0,400.07675861739256,400.07675861739256,0.0,46.68,1,0,11
32,32,L,95,0.19,53.39,616.0,0,484.52875861739255,484.52875861739255,94.35999999999999,36.772,1,0,11
32,33,XL,120,0.2,108.0,616.0,0,400.2367586173925,400.2367586173925,0.0,46.84,1,0,11
32,34,S,55,0.17,51.6,616.0,0,561.4287586173925,561.4287586173925,121.97600000000003,86.056,2,0,11
32,35,L,95,0.19,60.99,616.0,0,390.92875861739253,390.92875861739253,0.0,37.532,1,0,11
32,36,L,95,0.19,42.18,616.0,0,390.4847586173926,390.4847586173926,0.0,37.088,1,0,11
32,37,M,75,0.18,21.36,616.0,0,441.76475861739254,441.76475861739254,0.0,88.36799999999998,1,0,11
32,38,M,75,0.18,35.58,616.0,0,513.5527586173926,513.5527586173926,131.13199999999998,29.023999999999994,1,0,11
32,39,L,95,0.19,34.58,616.0,0,389.9647586173926,389.9647586173926,0.0,36.568,1,0,11
32,40,S,55,0.17,51.6,616.0,0,626.3007586173925,626.3007586173925,186.32799999999997,86.576,2,0,11
32,41,XL,120,0.2,88.2,616.0,0,400.55675861739263,400.55675861739263,0.0,47.160000000000004,1,0,11
32,42,XL,120,0.2,88.2,616.0,0,446.9167586173926,446.9167586173926,0.0,46.96,1,0,11
32,43,S,55,0.17,41.57,616.0,0,547.9767586173926,547.9767586173926,64.836,128.748,2,0,11
32,44,S,55,0.17,51.6,616.0,0,568.9167586173926,568.9167586173926,129.70400000000004,85.816,2,0,11
32,45,S,55,0.17,0.9399999999999977,616.0,0,374.46075861739257,374.46075861739257,0.0,21.064,1,0,11
32,46,S,55,0.17,44.8,616.0,0,443.8047586173926,443.8047586173926,47.28000000000006,43.128,2,0,11
32,47,S,55,0.17,51.6,616.0,0,626.4207586173925,626.4207586173925,186.44799999999995,86.576,2,0,11
32,48,S,55,0.17,41.57,616.0,0,612.8487586173926,612.8487586173926,128.712,128.50799999999998,2,0,11
32,49,S,55,0.17,51.6,616.0,0,633.7887586173925,633.7887586173925,194.33600000000007,86.056,2,0,11
32,50,S,55,0.17,51.6,616.0,0,691.1727586173924,691.1727586173924,251.67999999999998,86.096,2,0,11
32,1,XL,120,0.2,76.19999999999999,616.0,0,400.5567586173926,400.5567586173926,0.0,47.160000000000004,1,0,12
32,2,S,55,0.17,38.17,616.0,0,396.5127586173926,396.5127586173926,0.0,43.116,2,0,12
32,3,XL,120,0.2,108.0,616.0,0,400.51675861739255,400.51675861739255,0.0,47.12,1,0,12
32,4,S,55,0.17,38.17,616.0,0,417.6847586173926,417.6847586173926,21.492000000000004,42.79600000000001,2,0,12
32,5,S,55,0.17,51.6,616.0,0,481.1007586173926,481.1007586173926,0.0,127.70400000000001,2,0,12
32,6,M,75,0.18,35.58,616.0,0,383.2607586173926,383.2607586173926,0.0,29.863999999999997,1,0,12
32,7,S,55,0.17,44.8,616.0,0,421.98075861739255,421.98075861739255,26.295999999999935,42.288,2,0,12
32,8,XL,120,0.2,84.19999999999999,616.0,0,400.51675861739255,400.51675861739255,0.0,47.120000000000005,1,0,12
32,9,S,55,0.17,41.57,616.0,0,512.4287586173926,512.4287586173926,115.9960000000001,43.036,2,0,12
32,10,XL,120,0.2,108.0,616.0,0,400.35675861739253,400.35675861739253,0.0,46.96,1,0,12
32,11,S,55,0.17,0.9399999999999977,616.0,0,374.5807586173926,374.5807586173926,0.0,21.184,1,0,12
32,12,S,55,0.17,34.769999999999996,616.0,0,395.7127586173926,395.7127586173926,0.0,42.316,2,0,12
32,13,M,75,0.18,28.560000000000002,616.0,0,441.1647586173926,441.1647586173926,0.0,87.768,1,0,12
32,14,S,55,0.17,34.769999999999996,616.0,0,395.7127586173926,395.7127586173926,0.0,42.316,2,0,12
32,15,XL,120,0.2,84.19999999999999,616.0,0,400.15675861739254,400.15675861739254,0.0,46.76,1,0,12
32,16,S,55,0.17,44.8,616.0,0,422.1407586173926,422.1407586173926,0.0,42.808,2,0,12
32,17,XL,120,0.2,76.19999999999999,616.0,0,430.34075861739257,430.34075861739257,0.0,47.080000000000005,1,0,12
32,18,S,55,0.17,0.9399999999999977,616.0,0,375.0207586173925,375.0207586173925,0.0,21.624,1,0,12
32,19,XL,120,0.2,96.2,616.0,0,400.0367586173926,400.0367586173926,0.0,46.64000000000001,1,0,12
32,20,S,55,0.17,51.6,616.0,0,545.9727586173926,545.9727586173926,0.0,128.904,2,0,12
32,21,XL,120,0.2,100.2,616.0,0,400.2367586173925,400.2367586173925,0.0,46.84,1,0,12
32,22,M,75,0.18,28.560000000000002,616.0,0,530.3727586173926,530.3727586173926,0.0,89.20800000000001,1,0,12
32,23,S,55,0.17,48.2,616.0,0,396.0047586173926,396.0047586173926,0.0,42.608000000000004,2,0,12
32,24,S,55,0.17,0.9399999999999977,616.0,0,396.1647586173925,396.1647586173925,0.0,21.584,1,0,12
32,25,S,55,0.17,44.8,616.0,0,438.4527586173926,438.4527586173926,41.847999999999985,43.208,2,0,12
32,26,XL,120,0.2,104.2,616.0,0,400.1167586173926,400.1167586173926,0.0,46.720000000000006,1,0,12
32,27,L,95,0.19,42.18,616.0,0,390.00475861739255,390.00475861739255,0.0,36.608,1,0,12
32,28,XL,120,0.2,76.19999999999999,616.0,0,447.3967586173926,447.3967586173926,47.16,46.84,1,0,12
32,29,S,55,0.17,41.57,616.0,0,469.1807586173926,469.1807586173926,72.90800000000002,42.876000000000005,2,0,12
32,30,S,55,0.17,51.6,616.0,0,610.8447586173926,610.8447586173926,128.06400000000008,129.38400000000001,2,0,12
32,31,S,55,0.17,38.17,616.0,0,439.4167586173926,439.4167586173926,42.664,43.356,2,0,12
32,32,XL,120,0.2,76.19999999999999,616.0,0,477.9407586173926,477.9407586173926,76.94399999999999,47.6,1,0,12
32,33,M,75,0.18,35.58,616.0,0,477.1807586173926,477.1807586173926,94.00000000000003,29.784,1,0,12
32,34,M,75,0.18,10.560000000000002,616.0,0,382.97275861739257,382.97275861739257,0.0,29.576,1,0,12
32,35,S,55,0.17,44.8,616.0,0,459.7967586173926,459.7967586173926,63.43199999999999,42.968,2,0,12
32,36,XL,120,0.2,84.19999999999999,616.0,0,400.5567586173926,400.5567586173926,0.0,47.160000000000004,1,0,12
32,37,S,55,0.17,51.6,616.0,0,675.7167586173925,675.7167586173925,131.42399999999998,128.06400000000002,2,0,12
32,38,XL,120,0.2,108.0,616.0,0,401.15675861739254,401.15675861739254,0.0,47.760000000000005,1,0,12
32,39,S,55,0.17,41.57,616.0,0,490.8047586173926,490.8047586173926,94.49200000000008,42.916,2,0,12
32,40,M,75,0.18,14.160000000000004,616.0,0,507.1167586173925,507.1167586173925,0.0,89.688,1,0,12
32,41,S,55,0.17,41.57,616.0,0,534.0527586173927,534.0527586173927,116.48800000000006,42.916,2,0,12
32,42,S,55,0.17,51.6,616.0,0,740.5887586173925,740.5887586173925,260.20799999999997,126.98400000000001,2,0,12
32,43,XL,120,0.2,76.19999999999999,616.0,0,523.7807586173926,523.7807586173926,123.78400000000002,46.599999999999994,1,0,12
32,44,XL,120,0.2,104.2,616.0,0,447.5567586173926,447.5567586173926,0.0,47.440000000000005,1,0,12
32,45,M,75,0.18,21.36,616.0,0,382.61275861739256,382.61275861739256,0.0,29.215999999999998,1,0,12
32,46,S,55,0.17,38.17,616.0,0,461.2287586173926,461.2287586173926,64.396,43.436,2,0,12
32,47,XL,120,0.2,72.4,616.0,0,401.2767586173926,401.2767586173926,0.0,47.88,1,0,12
32,48,S,55,0.17,48.2,616.0,0,417.62875861739263,417.62875861739263,0.0,43.248000000000005,2,0,12
32,49,M,75,0.18,32.160000000000004,616.0,0,430.41275861739257,430.41275861739257,47.880000000000024,29.135999999999996,1,0,12
32,50,XL,120,0.2,84.19999999999999,616.0,0,447.19675861739256,447.19675861739256,0.0,47.04,1,0,12
32,1,XL,120,0.2,108.0,616.0,0,400.35675861739253,400.35675861739253,0.0,46.96,1,0,13
32,2,S,55,0.17,51.6,616.0,0,395.76475861739254,395.76475861739254,0.0,42.368,2,0,13
32,3,S,55,0.17,51.6,616.0,0,417.38875861739257,417.38875861739257,0.0,43.168,2,0,13
32,4,M,75,0.18,32.160000000000004,616.0,0,382.0927586173926,382.0927586173926,0.0,28.695999999999998,1,0,13
32,5,S,55,0.17,51.6,616.0,0,439.0127586173926,439.0127586173926,42.28800000000001,43.128,2,0,13
32,6,L,95,0.19,45.98,616.0,0,390.4847586173926,390.4847586173926,0.0,37.088,1,0,13
32,7,L,95,0.19,53.39,616.0,0,390.6887586173926,390.6887586173926,0.0,37.292,1,0,13
32,8,XL,120,0.2,100.2,616.0,0,400.9967586173926,400.9967586173926,0.0,47.6,1,0,13
32,9,L,95,0.19,38.38,616.0,0,391.0847586173926,391.0847586173926,0.0,37.688,1,0,13
32,10,XL,120,0.2,92.2,616.0,0,401.2367586173925,401.2367586173925,0.0,47.84,1,0,13
32,11,M,75,0.18,14.160000000000004,616.0,0,446.12475861739256,446.12475861739256,63.792,28.936,1,0,13
32,12,XL,120,0.2,72.4,616.0,0,400.75675861739256,400.75675861739256,0.0,47.36,1,0,13
32,13,S,55,0.17,0.9399999999999977,616.0,0,375.1407586173925,375.1407586173925,0.0,21.744000000000003,1,0,13
32,14,XL,120,0.2,68.4,616.0,0,399.95675861739255,399.95675861739255,0.0,46.56,1,0,13
32,15,XL,120,0.2,80.19999999999999,616.0,0,400.1167586173926,400.1167586173926,0.0,46.720000000000006,1,0,13
32,16,XL,120,0.2,92.2,616.0,0,400.19675861739256,400.19675861739256,0.0,46.800000000000004,1,0,13
32,17,M,75,0.18,14.160000000000004,616.0,0,474.9007586173925,474.9007586173925,92.72800000000001,28.776,1,0,13
32,18,L,95,0.19,64.78999999999999,616.0,0,390.9687586173926,390.9687586173926,0.0,37.571999999999996,1,0,13
32,19,L,95,0.19,53.39,616.0,0,390.4887586173926,390.4887586173926,0.0,37.092,1,0,13
32,20,XL,120,0.2,72.4,616.0,0,401.1567586173926,401.1567586173926,0.0,47.760000000000005,1,0,13
32,21,S,55,0.17,48.2,616.0,0,395.7247586173926,395.7247586173926,0.0,42.328,2,0,13
32,22,M,75,0.18,14.160000000000004,616.0,0,503.8767586173925,503.8767586173925,121.50399999999999,28.976,1,0,13
32,23,L,95,0.19,60.99,616.0,0,390.76875861739256,390.76875861739256,0.0,37.372,1,0,13
32,24,XL,120,0.2,96.2,616.0,0,401.1967586173926,401.1967586173926,0.0,47.8,1,0,13
32,25,L,95,0.19,42.18,616.0,0,391.0847586173926,391.0847586173926,0.0,37.688,1,0,13
32,26,L,95,0.19,38.38,616.0,0,390.0847586173926,390.0847586173926,0.0,36.688,1,0,13
32,27,L,95,0.19,42.18,616.0,0,390.4847586173926,390.4847586173926,0.0,37.088,1,0,13
32,28,XL,120,0.2,104.2,616.0,0,400.5567586173926,400.5567586173926,0.0,47.160000000000004,1,0,13
32,29,L,95,0.19,42.18,616.0,0,390.40475861739253,390.40475861739253,0.0,37.008,1,0,13
32,30,XL,120,0.2,72.4,616.0,0,428.85275861739257,428.85275861739257,0.0,46.76,1,0,13
32,31,XL,120,0.2,96.2,616.0,0,400.1567586173926,400.1567586173926,0.0,46.76,1,0,13
32,32,M,75,0.18,28.560000000000002,616.0,0,419.78075861739256,419.78075861739256,37.087999999999994,29.296,1,0,13
32,33,S,55,0.17,51.6,616.0,0,546.6447586173925,546.6447586173925,150.48,42.768,2,0,13
32,34,S,55,0.17,38.17,616.0,0,422.6207586173926,422.6207586173926,26.147999999999968,43.076,2,0,13
32,35,M,75,0.18,21.36,616.0,0,419.90075861739257,419.90075861739257,36.68800000000002,29.815999999999995,1,0,13
32,36,L,95,0.19,34.58,616.0,0,390.44475861739255,390.44475861739255,0.0,37.048,1,0,13
32,37,S,55,0.17,51.6,616.0,0,568.2687586173926,568.2687586173926,171.624,42.968,2,0,13
32,38,XL,120,0.2,84.19999999999999,616.0,0,399.91675861739253,399.91675861739253,0.0,46.52,1,0,13
32,39,S,55,0.17,51.6,616.0,0,589.8927586173926,589.8927586173926,192.968,43.168,2,0,13
32,40,S,55,0.17,51.6,616.0,0,611.5167586173926,611.5167586173926,214.51199999999997,42.727999999999994,2,0,13
32,41,L,95,0.19,68.59,616.0,0,390.2487586173925,390.2487586173925,0.0,36.852,1,0,13
32,42,XL,120,0.2,76.19999999999999,616.0,0,437.6887586173926,437.6887586173926,0.0,47.199999999999996,1,0,13
32,43,L,95,0.19,57.19,616.0,0,437.32875861739257,437.32875861739257,46.72,37.211999999999996,1,0,13
32,44,L,95,0.19,42.18,616.0,0,427.05275861739256,427.05275861739256,37.00800000000001,36.648,1,0,13
32,45,S,55,0.17,51.6,616.0,0,633.1407586173926,633.1407586173926,235.61599999999996,42.688,2,0,13
32,46,S,55,0.17,51.6,616.0,0,654.7647586173927,654.7647586173927,256.67999999999995,43.608000000000004,2,0,13
32,47,L,95,0.19,53.39,616.0,0,427.3007586173926,427.3007586173926,37.292,36.611999999999995,1,0,13
32,48,S,55,0.17,51.6,616.0,0,676.3887586173927,676.3887586173927,278.664,42.448,2,0,13
32,49,S,55,0.17,48.2,616.0,0,396.8447586173926,396.8447586173926,0.0,43.44800000000001,2,0,13
32,50,XL,120,0.2,104.2,616.0,0,400.71675861739254,400.71675861739254,0.0,47.32000000000001,1,0,13
32,1,L,95,0.19,53.39,616.0,0,391.0087586173926,391.0087586173926,0.0,37.612,1,0,14
32,2,XL,120,0.2,84.19999999999999,616.0,0,401.1167586173926,401.1167586173926,0.0,47.720000000000006,1,0,14
32,3,XL,120,0.2,76.19999999999999,616.0,0,437.5687586173926,437.5687586173926,0.0,46.56,1,0,14
32,4,XL,120,0.2,104.2,616.0,0,401.2367586173925,401.2367586173925,0.0,47.84,1,0,14
32,5,XL,120,0.2,88.2,616.0,0,401.1967586173926,401.1967586173926,0.0,47.8,1,0,14
32,6,S,55,0.17,44.8,616.0,0,396.7247586173926,396.7247586173926,0.0,43.327999999999996,2,0,14
32,7,XL,120,0.2,92.2,616.0,0,400.5567586173926,400.5567586173926,0.0,47.160000000000004,1,0,14
32,8,XL,120,0.2,84.19999999999999,616.0,0,400.15675861739254,400.15675861739254,0.0,46.76,1,0,14
32,9,M,75,0.18,28.560000000000002,616.0,0,439.9647586173926,439.9647586173926,0.0,86.56800000000001,1,0,14
32,10,S,55,0.17,4.339999999999996,616.0,0,375.2607586173925,375.2607586173925,0.0,21.864,1,0,14
32,11,XL,120,0.2,72.4,616.0,0,400.75675861739256,400.75675861739256,0.0,47.36,1,0,14
32,12,M,75,0.18,14.160000000000004,616.0,0,442.7247586173926,442.7247586173926,0.0,89.32799999999999,1,0,14
32,13,M,75,0.18,21.36,616.0,0,382.1327586173926,382.1327586173926,0.0,28.736000000000004,1,0,14
32,14,M,75,0.18,21.36,616.0,0,404.51675861739255,404.51675861739255,0.0,29.255999999999997,1,0,14
32,15,L,95,0.19,57.19,616.0,0,391.0487586173926,391.0487586173926,0.0,37.652,1,0,14
32,16,XL,120,0.2,80.19999999999999,616.0,0,438.6087586173926,438.6087586173926,0.0,47.56,1,0,14
32,17,S,55,0.17,44.8,616.0,0,418.2287586173926,418.2287586173926,21.704000000000008,43.128,2,0,14
32,18,L,95,0.19,42.18,616.0,0,390.12475861739256,390.12475861739256,0.0,36.728,1,0,14
32,19,XL,120,0.2,72.4,616.0,0,447.7967586173926,447.7967586173926,47.359999999999985,47.04,1,0,14
32,20,S,55,0.17,48.2,616.0,0,481.70075861739264,481.70075861739264,0.0,128.304,2,0,14
32,21,S,55,0.17,51.6,616.0,0,459.5967586173926,459.5967586173926,0.0,85.296,2,0,14
32,22,M,75,0.18,21.36,616.0,0,411.14875861739256,411.14875861739256,0.0,29.016,1,0,14
32,23,S,55,0.17,41.57,616.0,0,517.3407586173926,517.3407586173926,121.58799999999991,42.356,2,0,14
32,24,S,55,0.17,0.9399999999999977,616.0,0,416.82875861739257,416.82875861739257,0.0,63.43200000000001,1,0,14
32,25,L,95,0.19,49.78,616.0,0,484.92475861739257,484.92475861739257,94.4,37.128,1,0,14
32,26,S,55,0.17,38.17,616.0,0,395.9927586173926,395.9927586173926,0.0,42.596000000000004,2,0,14
32,27,S,55,0.17,41.57,616.0,0,538.9647586173926,538.9647586173926,121.83999999999992,42.996,2,0,14
32,28,S,55,0.17,38.17,616.0,0,416.8047586173926,416.8047586173926,20.971999999999994,42.436,2,0,14
32,29,S,55,0.17,44.8,616.0,0,438.9327586173926,438.9327586173926,43.208,42.327999999999996,2,0,14
32,30,XL,120,0.2,104.2,616.0,0,447.7567586173925,447.7567586173925,47.839999999999975,46.52,1,0,14
32,31,XL,120,0.2,76.19999999999999,616.0,0,484.88875861739257,484.88875861739257,84.172,47.32000000000001,1,0,14
32,32,S,55,0.17,0.9399999999999977,616.0,0,480.2607586173925,480.2607586173925,63.432000000000016,63.43200000000001,1,0,14
32,33,S,55,0.17,4.339999999999996,616.0,0,426.42075861739255,426.42075861739255,51.120000000000005,21.904000000000003,1,0,14
32,34,S,55,0.17,48.2,616.0,0,546.5727586173927,546.5727586173927,0.0,130.224,2,0,14
32,35,XL,120,0.2,84.19999999999999,616.0,0,399.83675861739255,399.83675861739255,0.0,46.44,1,0,14
32,36,S,55,0.17,4.339999999999996,616.0,0,432.8527586173925,432.8527586173925,57.75200000000001,21.704,1,0,14
32,37,L,95,0.19,42.18,616.0,0,427.45275861739253,427.45275861739253,0.0,37.327999999999996,1,0,14
32,38,XL,120,0.2,104.2,616.0,0,495.7167586173925,495.7167586173925,94.35999999999996,47.96,1,0,14
32,39,S,55,0.17,51.6,616.0,0,437.97275861739257,437.97275861739257,0.0,84.57600000000001,2,0,14
32,40,XL,120,0.2,76.19999999999999,616.0,0,532.4087586173926,532.4087586173926,131.492,47.52,1,0,14
32,41,XL,120,0.2,112.0,616.0,0,493.1967586173926,493.1967586173926,0.0,139.8,1,0,14
32,42,XL,120,0.2,80.19999999999999,616.0,0,486.1287586173926,486.1287586173926,85.21200000000002,47.52,1,0,14
32,43,S,55,0.17,51.6,616.0,0,503.3247586173926,503.3247586173926,0.0,86.976,2,0,14
32,44,S,55,0.17,0.9399999999999977,616.0,0,543.2127586173925,543.2127586173925,126.864,62.952,1,0,14
32,45,L,95,0.19,34.58,616.0,0,654.1167586173925,654.1167586173925,189.816,110.904,1,0,14
32,46,L,95,0.19,53.39,616.0,0,569.9807586173926,569.9807586173926,179.01199999999997,37.572,1,0,14
32,47,S,55,0.17,0.9399999999999977,616.0,0,719.9487586173926,719.9487586173926,300.72,65.83200000000001,1,0,14
32,48,M,75,0.18,10.560000000000002,616.0,0,442.24475861739256,442.24475861739256,0.0,88.848,1,0,14
32,49,XL,120,0.2,108.0,616.0,0,400.15675861739254,400.15675861739254,0.0,46.76,1,0,14
32,50,M,75,0.18,28.560000000000002,616.0,0,441.4047586173926,441.4047586173926,0.0,88.00800000000001,1,0,14
32,1,XL,120,0.2,108.0,616.0,0,494.7567586173925,494.7567586173925,0.0,141.35999999999999,1,0,15
32,2,S,55,0.17,48.2,616.0,0,564.1007586173927,564.1007586173927,168.41600000000005,42.288,2,0,15
32,3,XL,120,0.2,68.4,616.0,0,400.83675861739255,400.83675861739255,0.0,47.440000000000005,1,0,15
32,4,M,75,0.18,28.560000000000002,616.0,0,382.6527586173926,382.6527586173926,0.0,29.256,1,0,15
32,5,S,55,0.17,0.9399999999999977,616.0,0,375.1407586173925,375.1407586173925,0.0,21.744000000000003,1,0,15
32,6,S,55,0.17,0.9399999999999977,616.0,0,374.30075861739255,374.30075861739255,0.0,20.904000000000003,1,0,15
32,7,S,55,0.17,48.2,616.0,0,585.7247586173927,585.7247586173927,189.4000000000001,42.928,2,0,15
32,8,S,55,0.17,51.6,616.0,0,396.9647586173926,396.9647586173926,0.0,43.568,2,0,15
32,9,M,75,0.18,6.960000000000008,616.0,0,381.97275861739257,381.97275861739257,0.0,28.576,1,0,15
32,10,M,75,0.18,35.58,616.0,0,383.22075861739256,383.22075861739256,0.0,29.823999999999995,1,0,15
32,11,XL,120,0.2,112.0,616.0,0,400.11675861739263,400.11675861739263,0.0,46.72,1,0,15
32,12,XL,120,0.2,68.4,616.0,0,400.1567586173926,400.1567586173926,0.0,46.76,1,0,15
32,13,XL,120,0.2,100.2,616.0,0,401.39675861739255,401.39675861739255,0.0,48.0,1,0,15
32,14,L,95,0.19,68.59,616.0,0,390.16875861739254,390.16875861739254,0.0,36.772,1,0,15
32,15,S,55,0.17,48.2,616.0,0,607.3487586173927,607.3487586173927,189.68000000000012,43.608000000000004,2,0,15
32,16,S,55,0.17,41.57,616.0,0,422.0207586173926,422.0207586173926,25.787999999999954,42.836,2,0,15
32,17,XL,120,0.2,92.2,616.0,0,437.0087586173926,437.0087586173926,0.0,46.84,1,0,15
32,18,M,75,0.18,10.560000000000002,616.0,0,403.9167586173926,403.9167586173926,0.0,29.215999999999998,1,0,15
32,19,XL,120,0.2,112.0,616.0,0,446.95675861739267,446.95675861739267,0.0,46.84,1,0,15
32,20,S,55,0.17,0.9399999999999977,616.0,0,395.56475861739256,395.56475861739256,0.0,21.264000000000003,1,0,15
32,21,L,95,0.19,53.39,616.0,0,390.5687586173926,390.5687586173926,0.0,37.172000000000004,1,0,15
32,22,L,95,0.19,49.78,616.0,0,390.0847586173926,390.0847586173926,0.0,36.688,1,0,15
32,23,XL,120,0.2,104.2,616.0,0,400.39675861739255,400.39675861739255,0.0,47.0,1,0,15
32,24,L,95,0.19,68.59,616.0,0,474.0207586173926,474.0207586173926,83.61200000000002,37.012,1,0,15
32,25,XL,120,0.2,76.19999999999999,616.0,0,400.8367586173926,400.8367586173926,0.0,47.440000000000005,1,0,15
32,26,S,55,0.17,44.8,616.0,0,439.8927586173926,439.8927586173926,0.0,86.496,2,0,15
32,27,L,95,0.19,42.18,616.0,0,390.20475861739254,390.20475861739254,0.0,36.80799999999999,1,0,15
32,28,S,55,0.17,44.8,616.0,0,504.7647586173926,504.7647586173926,21.623999999999995,85.976,2,0,15
32,29,S,55,0.17,51.6,616.0,0,418.5887586173926,418.5887586173926,21.94399999999999,42.408,2,0,15
32,30,L,95,0.19,42.18,616.0,0,390.6847586173925,390.6847586173925,0.0,37.288,1,0,15
32,31,M,75,0.18,17.760000000000005,616.0,0,404.59675861739254,404.59675861739254,0.0,29.456,1,0,15
32,32,L,95,0.19,49.78,616.0,0,391.1647586173926,391.1647586173926,0.0,37.768,1,0,15
32,33,S,55,0.17,38.17,616.0,0,396.59275861739263,396.59275861739263,0.0,43.196,2,0,15
32,34,XL,120,0.2,112.0,616.0,0,494.8767586173927,494.8767586173927,93.56000000000006,47.92,1,0,15
32,35,L,95,0.19,49.78,616.0,0,390.4447586173926,390.4447586173926,0.0,37.048,1,0,15
32,36,XL,120,0.2,112.0,616.0,0,542.4767586173926,542.4767586173926,141.48000000000008,47.6,1,0,15
32,37,S,55,0.17,51.6,616.0,0,440.21275861739264,440.21275861739264,42.72799999999998,42.608000000000004,2,0,15
32,38,XL,120,0.2,80.19999999999999,616.0,0,399.95675861739255,399.95675861739255,0.0,46.56,1,0,15
32,39,XL,120,0.2,72.4,616.0,0,401.2767586173926,401.2767586173926,0.0,47.88,1,0,15
32,40,S,55,0.17,38.17,616.0,0,418.21675861739266,418.21675861739266,21.624000000000024,43.196,2,0,15
32,41,M,75,0.18,10.560000000000002,616.0,0,425.10075861739256,425.10075861739256,42.647999999999996,29.056,1,0,15
32,42,XL,120,0.2,100.2,616.0,0,400.39675861739255,400.39675861739255,0.0,47.0,1,0,15
32,43,M,75,0.18,14.160000000000004,616.0,0,446.7247586173925,446.7247586173925,63.71199999999999,29.615999999999996,1,0,15
32,44,S,55,0.17,34.769999999999996,616.0,0,395.67275861739256,395.67275861739256,0.0,42.276,2,0,15
32,45,XL,120,0.2,72.4,616.0,0,401.2767586173926,401.2767586173926,0.0,47.88,1,0,15
32,46,XL,120,0.2,76.19999999999999,616.0,0,400.1567586173926,400.1567586173926,0.0,46.76,1,0,15
32,47,S,55,0.17,0.9399999999999977,616.0,0,416.70875861739256,416.70875861739256,42.168000000000006,21.144000000000002,1,0,15
32,48,L,95,0.19,49.78,616.0,0,427.2527586173926,427.2527586173926,0.0,37.168000000000006,1,0,15
32,49,S,55,0.17,0.9399999999999977,616.0,0,426.46075861739257,426.46075861739257,51.19999999999999,21.864,1,0,15
32,50,S,55,0.17,0.9399999999999977,616.0,0,437.41275861739257,437.41275861739257,63.31200000000001,20.704,1,0,15
32,1,L,95,0.19,68.59,616.0,0,390.28875861739255,390.28875861739255,0.0,36.891999999999996,1,0,16
32,2,XL,120,0.2,108.0,616.0,0,400.91675861739253,400.91675861739253,0.0,47.519999999999996,1,0,16
32,3,XL,120,0.2,112.0,616.0,0,496.0767586173926,496.0767586173926,0.0,142.68,1,0,16
32,4,XL,120,0.2,104.2,616.0,0,401.27675861739255,401.27675861739255,0.0,47.88,1,0,16
32,5,L,95,0.19,68.59,616.0,0,427.30075861739255,427.30075861739255,0.0,37.012,1,0,16
32,6,XL,120,0.2,80.19999999999999,616.0,0,400.87675861739257,400.87675861739257,0.0,47.48,1,0,16
32,7,S,55,0.17,48.2,616.0,0,560.9487586173926,560.9487586173926,120.77600000000001,86.77600000000001,2,0,16
32,8,S,55,0.17,51.6,616.0,0,438.97275861739257,438.97275861739257,0.0,85.576,2,0,16
32,9,S,55,0.17,51.6,616.0,0,503.8447586173926,503.8447586173926,0.0,86.816,2,0,16
32,10,S,55,0.17,0.9399999999999977,616.0,0,374.86075861739255,374.86075861739255,0.0,21.464000000000002,1,0,16
32,11,L,95,0.19,49.78,616.0,0,390.0847586173926,390.0847586173926,0.0,36.688,1,0,16
32,12,XL,120,0.2,72.4,616.0,0,400.1167586173926,400.1167586173926,0.0,46.720000000000006,1,0,16
32,13,XL,120,0.2,100.2,616.0,0,399.95675861739255,399.95675861739255,0.0,46.56,1,0,16
32,14,M,75,0.18,10.560000000000002,616.0,0,404.75675861739256,404.75675861739256,0.0,29.456,1,0,16
32,15,XL,120,0.2,112.0,616.0,0,495.47675861739265,495.47675861739265,0.0,142.08,1,0,16
32,16,XL,120,0.2,104.2,616.0,0,400.91675861739253,400.91675861739253,0.0,47.52,1,0,16
32,17,S,55,0.17,38.17,616.0,0,421.5807586173926,421.5807586173926,24.587999999999965,43.596000000000004,2,0,16
32,18,M,75,0.18,35.58,616.0,0,574.9767586173925,574.9767586173925,0.0,221.58,1,0,16
32,19,M,75,0.18,35.58,616.0,0,571.6767586173926,571.6767586173926,0.0,218.27999999999997,1,0,16
32,20,XL,120,0.2,108.0,616.0,0,400.51675861739255,400.51675861739255,0.0,47.12,1,0,16
32,21,S,55,0.17,38.17,616.0,0,443.2047586173926,443.2047586173926,47.45200000000001,42.356,2,0,16
32,22,S,55,0.17,44.8,616.0,0,417.62875861739263,417.62875861739263,0.0,43.408,2,0,16
32,23,L,95,0.19,34.58,616.0,0,389.9247586173925,389.9247586173925,0.0,36.528,1,0,16
32,24,M,75,0.18,24.96,616.0,0,382.61275861739256,382.61275861739256,0.0,29.215999999999998,1,0,16
32,25,M,75,0.18,24.96,616.0,0,383.17275861739256,383.17275861739256,0.0,29.775999999999996,1,0,16
32,26,S,55,0.17,41.57,616.0,0,444.5247586173926,444.5247586173926,47.69200000000001,43.43599999999999,2,0,16
32,27,S,55,0.17,38.17,616.0,0,464.8287586173926,464.8287586173926,68.67600000000003,42.756,2,0,16
32,28,XL,120,0.2,84.19999999999999,616.0,0,400.83675861739255,400.83675861739255,0.0,47.440000000000005,1,0,16
32,29,S,55,0.17,34.769999999999996,616.0,0,422.70075861739264,422.70075861739264,26.708000000000027,42.596000000000004,2,0,16
32,30,S,55,0.17,44.8,616.0,0,396.0047586173926,396.0047586173926,0.0,42.608000000000004,2,0,16
32,31,S,55,0.17,41.57,616.0,0,422.90075861739257,422.90075861739257,27.108000000000004,42.396,2,0,16
32,32,S,55,0.17,51.6,616.0,0,568.7167586173925,568.7167586173925,128.864,86.456,2,0,16
32,33,XL,120,0.2,112.0,616.0,0,635.3967586173926,635.3967586173926,142.08000000000004,139.92000000000002,1,0,16
32,34,L,95,0.19,38.38,616.0,0,390.6847586173925,390.6847586173925,0.0,37.288,1,0,16
32,35,L,95,0.19,57.19,616.0,0,391.3687586173926,391.3687586173926,0.0,37.972,1,0,16
32,36,S,55,0.17,51.6,616.0,0,633.5887586173925,633.5887586173925,193.896,86.296,2,0,16
32,37,S,55,0.17,51.6,616.0,0,698.4607586173925,698.4607586173925,258.68799999999993,86.376,2,0,16
32,38,S,55,0.17,41.57,616.0,0,466.1487586173926,466.1487586173926,48.664000000000044,43.316,2,0,16
32,39,XL,120,0.2,104.2,616.0,0,448.6767586173925,448.6767586173925,0.0,47.760000000000005,1,0,16
32,40,S,55,0.17,38.17,616.0,0,486.45275861739265,486.45275861739265,89.70000000000003,43.356,2,0,16
32,41,L,95,0.19,34.58,616.0,0,390.36475861739257,390.36475861739257,0.0,36.96799999999999,1,0,16
32,42,M,75,0.18,35.58,616.0,0,569.2767586173926,569.2767586173926,0.0,215.88,1,0,16
32,43,M,75,0.18,17.760000000000005,616.0,0,383.37275861739255,383.37275861739255,0.0,29.976,1,0,16
32,44,XL,120,0.2,92.2,616.0,0,475.22075861739256,475.22075861739256,73.904,47.92,1,0,16
32,45,XL,120,0.2,92.2,616.0,0,522.1807586173925,522.1807586173925,121.82400000000001,46.96,1,0,16
32,46,S,55,0.17,44.8,616.0,0,422.1407586173926,422.1407586173926,0.0,43.367999999999995,2,0,16
32,47,XL,120,0.2,76.19999999999999,616.0,0,708.8967586173926,708.8967586173926,0.0,355.5,1,0,16
32,48,M,75,0.18,32.160000000000004,616.0,0,382.1327586173926,382.1327586173926,0.0,28.735999999999997,1,0,16
32,49,XL,120,0.2,96.2,616.0,0,401.0767586173926,401.0767586173926,0.0,47.68,1,0,16
32,50,S,55,0.17,44.8,616.0,0,422.54075861739256,422.54075861739256,0.0,43.608000000000004,2,0,16
32,1,S,55,0.17,44.8,616.0,0,422.1407586173926,422.1407586173926,25.815999999999974,42.928,2,0,17
32,2,L,95,0.19,57.19,616.0,0,391.2887586173926,391.2887586173926,0.0,37.892,1,0,17
32,3,XL,120,0.2,84.19999999999999,616.0,0,400.43675861739257,400.43675861739257,0.0,47.04,1,0,17
32,4,M,75,0.18,35.58,616.0,0,382.7407586173926,382.7407586173926,0.0,29.343999999999998,1,0,17
32,5,L,95,0.19,42.18,616.0,0,390.36475861739257,390.36475861739257,0.0,36.967999999999996,1,0,17
32,6,XL,120,0.2,72.4,616.0,0,494.3967586173926,494.3967586173926,0.0,141.0,1,0,17
32,7,M,75,0.18,10.560000000000002,616.0,0,382.6127586173926,382.6127586173926,0.0,29.215999999999998,1,0,17
32,8,L,95,0.19,53.39,616.0,0,419.4327586173926,419.4327586173926,0.0,36.692,1,0,17
32,9,S,55,0.17,44.8,616.0,0,443.7647586173926,443.7647586173926,46.920000000000016,43.448,2,0,17
32,10,S,55,0.17,41.57,616.0,0,440.3367586173926,440.3367586173926,0.0,86.94000000000001,2,0,17
32,11,S,55,0.17,38.17,616.0,0,395.9527586173926,395.9527586173926,0.0,42.556,2,0,17
32,12,S,55,0.17,44.8,616.0,0,422.8207586173926,422.8207586173926,26.135999999999967,43.288,2,0,17
32,13,S,55,0.17,48.2,616.0,0,418.2287586173926,418.2287586173926,0.0,43.488,2,0,17
32,14,XL,120,0.2,92.2,616.0,0,401.2367586173925,401.2367586173925,0.0,47.84,1,0,17
32,15,M,75,0.18,17.760000000000005,616.0,0,440.8047586173925,440.8047586173925,0.0,87.408,1,0,17
32,16,XL,120,0.2,108.0,616.0,0,401.19675861739256,401.19675861739256,0.0,47.8,1,0,17
32,17,M,75,0.18,35.58,616.0,0,448.8567586173926,448.8567586173926,66.03600000000003,29.423999999999996,1,0,17
32,18,S,55,0.17,38.17,616.0,0,439.20075861739264,439.20075861739264,43.08800000000002,42.716,2,0,17
32,19,L,95,0.19,60.99,616.0,0,437.1287586173926,437.1287586173926,47.04000000000002,36.692,1,0,17
32,20,S,55,0.17,44.8,616.0,0,465.3887586173926,465.3887586173926,47.12000000000006,43.568,2,0,17
32,21,S,55,0.17,38.17,616.0,0,417.5767586173926,417.5767586173926,21.624000000000024,42.556,2,0,17
32,22,S,55,0.17,38.17,616.0,0,460.82475861739266,460.82475861739266,43.10000000000008,43.396,2,0,17
32,23,XL,120,0.2,72.4,616.0,0,495.7167586173926,495.7167586173926,0.0,142.32000000000002,1,0,17
32,24,M,75,0.18,24.96,616.0,0,419.2607586173925,419.2607586173925,36.96799999999999,28.895999999999997,1,0,17
32,25,XL,120,0.2,68.4,616.0,0,496.7967586173926,496.7967586173926,0.0,143.4,1,0,17
32,26,L,95,0.19,64.78999999999999,616.0,0,390.1687586173926,390.1687586173926,0.0,36.772,1,0,17
32,27,M,75,0.18,17.760000000000005,616.0,0,442.6047586173926,442.6047586173926,0.0,89.20800000000001,1,0,17
32,28,S,55,0.17,0.9399999999999977,616.0,0,417.90875861739255,417.90875861739255,0.0,64.51200000000001,1,0,17
32,29,S,55,0.17,48.2,616.0,0,396.6047586173926,396.6047586173926,0.0,43.208,2,0,17
32,30,M,75,0.18,14.160000000000004,616.0,0,381.9727586173925,381.9727586173925,0.0,28.576,1,0,17
32,31,XL,120,0.2,72.4,616.0,0,494.3967586173926,494.3967586173926,0.0,141.0,1,0,17
32,32,S,55,0.17,44.8,616.0,0,466.06875861739263,466.06875861739263,47.64000000000004,43.367999999999995,2,0,17
32,33,XL,120,0.2,108.0,616.0,0,400.51675861739255,400.51675861739255,0.0,47.12,1,0,17
32,34,S,55,0.17,44.8,616.0,0,444.4447586173926,444.4447586173926,48.48000000000002,42.568,2,0,17
32,35,XL,120,0.2,80.19999999999999,616.0,0,400.95675861739255,400.95675861739255,0.0,47.56,1,0,17
32,36,XL,120,0.2,104.2,616.0,0,401.31675861739257,401.31675861739257,0.0,47.92,1,0,17
32,37,XL,120,0.2,112.0,616.0,0,401.2767586173926,401.2767586173926,0.0,47.88,1,0,17
32,38,XL,120,0.2,84.19999999999999,616.0,0,484.8087586173926,484.8087586173926,83.73200000000003,47.68,1,0,17
32,39,XL,120,0.2,84.19999999999999,616.0,0,531.5687586173925,531.5687586173925,131.41200000000003,46.76,1,0,17
32,40,XL,120,0.2,92.2,616.0,0,400.6767586173926,400.6767586173926,0.0,47.28,1,0,17
32,41,S,55,0.17,44.8,616.0,0,487.01275861739265,487.01275861739265,90.48800000000008,43.128,2,0,17
32,42,S,55,0.17,44.8,616.0,0,487.69275861739266,487.69275861739266,90.80800000000005,43.488,2,0,17
32,43,L,95,0.19,57.19,616.0,0,428.26075861739264,428.26075861739264,37.892000000000024,36.97200000000001,1,0,17
32,44,S,55,0.17,51.6,616.0,0,396.9647586173926,396.9647586173926,0.0,43.568,2,0,17
32,45,XL,120,0.2,88.2,616.0,0,400.1567586173926,400.1567586173926,0.0,46.76,1,0,17
32,46,S,55,0.17,41.57,616.0,0,437.45675861739255,437.45675861739255,0.0,84.06,2,0,17
32,47,XL,120,0.2,68.4,616.0,0,495.5967586173926,495.5967586173926,0.0,142.20000000000002,1,0,17
32,48,S,55,0.17,51.6,616.0,0,396.0847586173926,396.0847586173926,0.0,42.688,2,0,17
32,49,XL,120,0.2,84.19999999999999,616.0,0,578.0487586173925,578.0487586173925,178.17200000000003,46.480000000000004,1,0,17
32,50,S,55,0.17,51.6,616.0,0,395.8447586173926,395.8447586173926,0.0,42.448,2,0,17
32,1,XL,120,0.2,76.19999999999999,616.0,0,400.19675861739256,400.19675861739256,0.0,46.800000000000004,1,0,18
32,2,XL,120,0.2,100.2,616.0,0,400.31675861739257,400.31675861739257,0.0,46.92,1,0,18
32,3,M,75,0.18,35.58,616.0,0,430.06075861739254,430.06075861739254,46.79999999999998,29.863999999999997,1,0,18
32,4,S,55,0.17,0.9399999999999977,616.0,0,374.2607586173925,374.2607586173925,0.0,20.864,1,0,18
32,5,L,95,0.19,57.19,616.0,0,389.88875861739257,389.88875861739257,0.0,36.492000000000004,1,0,18
32,6,S,55,0.17,4.339999999999996,616.0,0,418.26875861739256,418.26875861739256,0.0,64.872,1,0,18
32,7,M,75,0.18,24.96,616.0,0,382.5327586173926,382.5327586173926,0.0,29.136000000000003,1,0,18
32,8,XL,120,0.2,76.19999999999999,616.0,0,476.86075861739255,476.86075861739255,76.66399999999996,46.800000000000004,1,0,18
32,9,XL,120,0.2,80.19999999999999,616.0,0,400.5967586173926,400.5967586173926,0.0,47.199999999999996,1,0,18
32,10,S,55,0.17,0.9399999999999977,616.0,0,374.46075861739257,374.46075861739257,0.0,21.064,1,0,18
32,11,S,55,0.17,48.2,616.0,0,422.06075861739265,422.06075861739265,25.816000000000088,42.848,2,0,18
32,12,XL,120,0.2,88.2,616.0,0,401.3567586173926,401.3567586173926,0.0,47.96,1,0,18
32,13,S,55,0.17,34.769999999999996,616.0,0,468.58075861739263,468.58075861739263,72.86800000000005,42.316,2,0,18
32,14,XL,120,0.2,72.4,616.0,0,399.95675861739255,399.95675861739255,0.0,46.56,1,0,18
32,15,XL,120,0.2,72.4,616.0,0,446.7967586173926,446.7967586173926,0.0,46.84,1,0,18
32,16,XL,120,0.2,96.2,616.0,0,400.4767586173926,400.4767586173926,0.0,47.080000000000005,1,0,18
32,17,S,55,0.17,0.9399999999999977,616.0,0,395.6047586173926,395.6047586173926,0.0,21.344000000000005,1,0,18
32,18,S,55,0.17,41.57,616.0,0,396.67275861739256,396.67275861739256,0.0,43.275999999999996,2,0,18
32,19,S,55,0.17,44.8,616.0,0,396.6447586173926,396.6447586173926,0.0,43.248,2,0,18
32,20,XL,120,0.2,108.0,616.0,0,400.43675861739257,400.43675861739257,0.0,47.04,1,0,18
32,21,L,95,0.19,42.18,616.0,0,391.0447586173925,391.0447586173925,0.0,37.648,1,0,18
32,22,S,55,0.17,4.339999999999996,616.0,0,418.6287586173926,418.6287586173926,0.0,65.232,1,0,18
32,23,S,55,0.17,38.17,616.0,0,396.8327586173926,396.8327586173926,0.0,43.436,2,0,18
32,24,XL,120,0.2,80.19999999999999,616.0,0,436.32875861739257,436.32875861739257,0.0,46.44,1,0,18
32,25,S,55,0.17,4.339999999999996,616.0,0,484.10075861739256,484.10075861739256,0.0,65.832,1,0,18
32,26,S,55,0.17,44.8,616.0,0,418.2687586173926,418.2687586173926,21.623999999999995,42.608000000000004,2,0,18
32,27,XL,120,0.2,112.0,616.0,0,400.4367586173926,400.4367586173926,0.0,47.04,1,0,18
32,28,S,55,0.17,44.8,616.0,0,439.2527586173926,439.2527586173926,42.608000000000004,43.248,2,0,18
32,29,S,55,0.17,44.8,616.0,0,461.1567586173926,461.1567586173926,64.232,43.528,2,0,18
32,30,XL,120,0.2,88.2,616.0,0,448.2767586173926,448.2767586173926,47.95999999999998,46.92,1,0,18
32,31,XL,120,0.2,80.19999999999999,616.0,0,447.1167586173926,447.1167586173926,47.20000000000002,46.52,1,0,18
32,32,XL,120,0.2,68.4,616.0,0,400.6367586173926,400.6367586173926,0.0,47.24000000000001,1,0,18
32,33,S,55,0.17,0.9399999999999977,616.0,0,396.40475861739253,396.40475861739253,0.0,21.944000000000003,1,0,18
32,34,S,55,0.17,0.9399999999999977,616.0,0,417.54875861739254,417.54875861739254,42.208,21.944000000000003,1,0,18
32,35,S,55,0.17,44.8,616.0,0,482.9407586173926,482.9407586173926,86.136,43.408,2,0,18
32,36,L,95,0.19,60.99,616.0,0,390.92875861739253,390.92875861739253,0.0,37.532,1,0,18
32,37,XL,120,0.2,68.4,616.0,0,399.9967586173926,399.9967586173926,0.0,46.6,1,0,18
32,38,XL,120,0.2,96.2,616.0,0,446.9567586173926,446.9567586173926,47.079999999999984,46.480000000000004,1,0,18
32,39,XL,120,0.2,68.4,616.0,0,401.0367586173926,401.0367586173926,0.0,47.64,1,0,18
32,40,S,55,0.17,44.8,616.0,0,504.2047586173926,504.2047586173926,107.91999999999999,42.888000000000005,2,0,18
32,41,S,55,0.17,41.57,616.0,0,418.4847586173926,418.4847586173926,0.0,43.43599999999999,2,0,18
32,42,S,55,0.17,4.339999999999996,616.0,0,484.22075861739256,484.22075861739256,0.0,65.59200000000001,1,0,18
32,43,S,55,0.17,41.57,616.0,0,439.2967586173926,439.2967586173926,43.46400000000001,42.43599999999999,2,0,18
32,44,XL,120,0.2,84.19999999999999,616.0,0,399.9967586173925,399.9967586173925,0.0,46.599999999999994,1,0,18
32,45,S,55,0.17,34.769999999999996,616.0,0,490.20475861739266,490.20475861739266,73.76000000000005,42.355999999999995,2,0,18
32,46,XL,120,0.2,76.19999999999999,616.0,0,523.9407586173925,523.9407586173925,123.46399999999997,47.080000000000005,1,0,18
32,47,XL,120,0.2,112.0,616.0,0,400.5967586173926,400.5967586173926,0.0,47.199999999999996,1,0,18
32,48,S,55,0.17,41.57,616.0,0,460.2687586173926,460.2687586173926,64.27600000000002,42.596000000000004,2,0,18
32,49,M,75,0.18,28.560000000000002,616.0,0,428.6527586173926,428.6527586173926,46.599999999999994,28.656000000000002,1,0,18
32,50,S,55,0.17,51.6,616.0,0,396.4047586173926,396.4047586173926,0.0,43.008,2,0,18
32,1,S,55,0.17,48.2,616.0,0,439.1727586173926,439.1727586173926,0.0,85.77600000000001,2,0,19
32,2,S,55,0.17,41.57,616.0,0,443.4847586173926,443.4847586173926,47.091999999999985,42.996,2,0,19
32,3,XL,120,0.2,76.19999999999999,616.0,0,401.1167586173926,401.1167586173926,0.0,47.720000000000006,1,0,19
32,4,S,55,0.17,44.8,616.0,0,439.7727586173926,439.7727586173926,0.0,86.376,2,0,19
32,5,XL,120,0.2,112.0,616.0,0,400.5167586173926,400.5167586173926,0.0,47.12,1,0,19
32,6,XL,120,0.2,76.19999999999999,616.0,0,399.9967586173926,399.9967586173926,0.0,46.599999999999994,1,0,19
32,7,S,55,0.17,48.2,616.0,0,439.1727586173926,439.1727586173926,0.0,85.77600000000001,2,0,19
32,8,S,55,0.17,51.6,616.0,0,396.3247586173926,396.3247586173926,0.0,42.928,2,0,19
32,9,XL,120,0.2,88.2,616.0,0,400.11675861739263,400.11675861739263,0.0,46.720000000000006,1,0,19
32,10,S,55,0.17,51.6,616.0,0,418.02875861739255,418.02875861739255,0.0,43.328,2,0,19
32,11,XL,120,0.2,92.2,616.0,0,400.83675861739255,400.83675861739255,0.0,47.440000000000005,1,0,19
32,12,XL,120,0.2,112.0,616.0,0,400.5167586173926,400.5167586173926,0.0,47.12,1,0,19
32,13,S,55,0.17,0.9399999999999977,616.0,0,374.86075861739255,374.86075861739255,0.0,21.464000000000002,1,0,19
32,14,S,55,0.17,38.17,616.0,0,417.6967586173926,417.6967586173926,0.0,43.116,2,0,19
32,15,XL,120,0.2,88.2,616.0,0,400.8767586173926,400.8767586173926,0.0,47.48,1,0,19
32,16,XL,120,0.2,88.2,616.0,0,447.03675861739265,447.03675861739265,0.0,46.92,1,0,19
32,17,S,55,0.17,51.6,616.0,0,439.6527586173926,439.6527586173926,43.00800000000001,42.368,2,0,19
32,18,XL,120,0.2,96.2,616.0,0,496.19675861739256,496.19675861739256,0.0,142.79999999999998,1,0,19
32,19,XL,120,0.2,80.19999999999999,616.0,0,400.75675861739256,400.75675861739256,0.0,47.36,1,0,19
32,20,XL,120,0.2,96.2,616.0,0,495.59675861739265,495.59675861739265,0.0,142.20000000000002,1,0,19
32,21,XL,120,0.2,104.2,616.0,0,400.83675861739255,400.83675861739255,0.0,47.440000000000005,1,0,19
32,22,S,55,0.17,0.9399999999999977,616.0,0,374.2607586173925,374.2607586173925,0.0,20.864,1,0,19
32,23,XL,120,0.2,88.2,616.0,0,447.3967586173926,447.3967586173926,47.48000000000002,46.52,1,0,19
32,24,S,55,0.17,48.2,616.0,0,503.3247586173926,503.3247586173926,0.0,85.77600000000001,2,0,19
32,25,XL,120,0.2,68.4,616.0,0,401.1567586173926,401.1567586173926,0.0,47.760000000000005,1,0,19
32,26,XL,120,0.2,108.0,616.0,0,492.95675861739255,492.95675861739255,0.0,139.56,1,0,19
32,27,S,55,0.17,38.17,616.0,0,422.66075861739256,422.66075861739256,26.027999999999963,43.236000000000004,2,0,19
32,28,L,95,0.19,34.58,616.0,0,390.2847586173925,390.2847586173925,0.0,36.888,1,0,19
32,29,S,55,0.17,0.9399999999999977,616.0,0,395.0447586173925,395.0447586173925,20.864000000000004,20.784,1,0,19
32,30,S,55,0.17,48.2,616.0,0,504.88475861739266,504.88475861739266,0.0,87.33600000000001,2,0,19
32,31,L,95,0.19,60.99,616.0,0,390.28875861739255,390.28875861739255,0.0,36.892,1,0,19
32,32,XL,120,0.2,80.19999999999999,616.0,0,400.87675861739257,400.87675861739257,0.0,47.48,1,0,19
32,33,XL,120,0.2,104.2,616.0,0,400.2367586173925,400.2367586173925,0.0,46.84,1,0,19
32,34,XL,120,0.2,76.19999999999999,616.0,0,447.07675861739256,447.07675861739256,0.0,47.080000000000005,1,0,19
32,35,S,55,0.17,51.6,616.0,0,461.2767586173926,461.2767586173926,63.75200000000001,43.448,2,0,19
32,36,S,55,0.17,41.57,616.0,0,421.86075861739255,421.86075861739255,26.027999999999963,42.43599999999999,2,0,19
32,37,L,95,0.19,34.58,616.0,0,411.58875861739256,411.58875861739256,0.0,36.728,1,0,19
32,38,S,55,0.17,4.339999999999996,616.0,0,375.30075861739255,375.30075861739255,0.0,21.904000000000003,1,0,19
32,39,M,75,0.18,35.58,616.0,0,430.54075861739256,430.54075861739256,47.72,29.423999999999996,1,0,19
32,40,XL,120,0.2,76.19999999999999,616.0,0,477.78075861739256,477.78075861739256,77.14399999999998,47.24000000000001,1,0,19
32,41,M,75,0.18,24.96,616.0,0,382.37275861739255,382.37275861739255,0.0,28.976,1,0,19
32,42,S,55,0.17,0.9399999999999977,616.0,0,411.14875861739256,411.14875861739256,36.888000000000005,20.864,1,0,19
32,43,XL,120,0.2,80.19999999999999,616.0,0,447.31675861739257,447.31675861739257,47.359999999999985,46.56,1,0,19
32,44,S,55,0.17,38.17,616.0,0,396.0727586173926,396.0727586173926,0.0,42.676,2,0,19
32,45,S,55,0.17,51.6,616.0,0,482.9007586173926,482.9007586173926,85.57600000000002,42.727999999999994,2,0,19
32,46,XL,120,0.2,100.2,616.0,0,401.03675861739254,401.03675861739254,0.0,47.64,1,0,19
32,47,S,55,0.17,41.57,616.0,0,422.46075861739257,422.46075861739257,26.107999999999947,42.956,2,0,19
32,48,M,75,0.18,6.960000000000008,616.0,0,403.6367586173926,403.6367586173926,0.0,28.736000000000004,1,0,19
32,49,XL,120,0.2,108.0,616.0,0,493.9167586173926,493.9167586173926,0.0,140.52,1,0,19
32,50,XL,120,0.2,108.0,616.0,0,495.71675861739254,495.71675861739254,0.0,142.32000000000002,1,0,19
32,1,L,95,0.19,68.59,616.0,0,390.76875861739256,390.76875861739256,0.0,37.37199999999999,1,0,20
32,2,M,75,0.18,28.560000000000002,616.0,0,382.57275861739254,382.57275861739254,0.0,29.176,1,0,20
32,3,S,55,0.17,44.8,616.0,0,396.6447586173926,396.6447586173926,0.0,43.248,2,0,20
32,4,S,55,0.17,51.6,616.0,0,396.88475861739255,396.88475861739255,0.0,43.488,2,0,20
32,5,S,55,0.17,0.9399999999999977,616.0,0,375.10075861739256,375.10075861739256,0.0,21.704,1,0,20
32,6,S,55,0.17,44.8,616.0,0,417.3487586173926,417.3487586173926,21.623999999999995,42.327999999999996,2,0,20
32,7,S,55,0.17,34.769999999999996,616.0,0,490.2447586173927,490.2447586173927,94.37200000000007,42.476,2,0,20
32,8,XL,120,0.2,88.2,616.0,0,400.5167586173926,400.5167586173926,0.0,47.120000000000005,1,0,20
32,9,XL,120,0.2,108.0,616.0,0,400.19675861739256,400.19675861739256,0.0,46.800000000000004,1,0,20
32,10,XL,120,0.2,96.2,616.0,0,400.1967586173926,400.1967586173926,0.0,46.800000000000004,1,0,20
32,11,S,55,0.17,48.2,616.0,0,396.36475861739257,396.36475861739257,0.0,42.968,2,0,20
32,12,S,55,0.17,0.9399999999999977,616.0,0,396.8447586173926,396.8447586173926,0.0,21.744000000000003,1,0,20
32,13,S,55,0.17,4.339999999999996,616.0,0,375.34075861739257,375.34075861739257,0.0,21.944000000000003,1,0,20
32,14,XL,120,0.2,104.2,616.0,0,400.75675861739256,400.75675861739256,0.0,47.36,1,0,20
32,15,XL,120,0.2,72.4,616.0,0,401.1167586173926,401.1167586173926,0.0,47.720000000000006,1,0,20
32,16,XL,120,0.2,68.4,616.0,0,430.2127586173926,430.2127586173926,0.0,47.64,1,0,20
32,17,S,55,0.17,34.769999999999996,616.0,0,468.62075861739265,468.62075861739265,72.86800000000005,42.355999999999995,2,0,20
32,18,XL,120,0.2,100.2,616.0,0,400.51675861739255,400.51675861739255,0.0,47.120000000000005,1,0,20
32,19,S,55,0.17,0.9399999999999977,616.0,0,418.2287586173926,418.2287586173926,43.44800000000001,21.384,1,0,20
32,20,M,75,0.18,17.760000000000005,616.0,0,447.4847586173926,447.4847586173926,64.83200000000002,29.256,1,0,20
32,21,XL,120,0.2,100.2,616.0,0,447.59675861739254,447.59675861739254,47.120000000000005,47.080000000000005,1,0,20
32,22,S,55,0.17,41.57,616.0,0,516.9807586173927,516.9807586173927,121.22800000000001,42.356,2,0,20
32,23,S,55,0.17,38.17,616.0,0,515.7407586173925,515.7407586173925,118.98799999999994,43.356,2,0,20
32,24,L,95,0.19,38.38,616.0,0,412.34875861739255,412.34875861739255,0.0,37.008,1,0,20
32,25,XL,120,0.2,88.2,616.0,0,447.1967586173926,447.1967586173926,47.120000000000005,46.68,1,0,20
32,26,M,75,0.18,10.560000000000002,616.0,0,383.0127586173926,383.0127586173926,0.0,29.615999999999996,1,0,20
32,27,S,55,0.17,48.2,616.0,0,417.18875861739264,417.18875861739264,21.343999999999994,42.44800000000001,2,0,20
32,28,S,55,0.17,51.6,616.0,0,418.5087586173926,418.5087586173926,21.864000000000004,43.168,2,0,20
32,29,M,75,0.18,32.160000000000004,616.0,0,382.6127586173926,382.6127586173926,0.0,29.215999999999998,1,0,20
32,30,XL,120,0.2,80.19999999999999,616.0,0,400.5167586173926,400.5167586173926,0.0,47.120000000000005,1,0,20
32,31,M,75,0.18,17.760000000000005,616.0,0,477.38075861739253,477.38075861739253,94.088,29.896000000000004,1,0,20
32,32,S,55,0.17,51.6,616.0,0,440.1327586173926,440.1327586173926,43.408000000000015,42.528000000000006,2,0,20
32,33,S,55,0.17,0.9399999999999977,616.0,0,498.36475861739257,498.36475861739257,123.98400000000001,20.984,1,0,20
32,34,M,75,0.18,28.560000000000002,616.0,0,458.82875861739257,458.82875861739257,76.816,28.615999999999996,1,0,20
32,35,S,55,0.17,48.2,616.0,0,425.3807586173926,425.3807586173926,29.615999999999985,42.368,2,0,20
32,36,S,55,0.17,48.2,616.0,0,439.0527586173926,439.0527586173926,42.168000000000006,43.488,2,0,20
32,37,XL,120,0.2,100.2,616.0,0,494.1167586173925,494.1167586173925,94.19999999999999,46.52,1,0,20
32,38,XL,120,0.2,104.2,616.0,0,448.6767586173926,448.6767586173926,0.0,47.92,1,0,20
32,39,L,95,0.19,38.38,616.0,0,450.07675861739256,450.07675861739256,58.952,37.727999999999994,1,0,20
32,40,XL,120,0.2,76.19999999999999,616.0,0,494.7567586173926,494.7567586173926,0.0,141.36,1,0,20
32,41,XL,120,0.2,92.2,616.0,0,399.83675861739255,399.83675861739255,0.0,46.44,1,0,20
32,42,XL,120,0.2,84.19999999999999,616.0,0,400.15675861739254,400.15675861739254,0.0,46.76,1,0,20
32,43,M,75,0.18,32.160000000000004,616.0,0,382.6527586173926,382.6527586173926,0.0,29.255999999999997,1,0,20
32,44,XL,120,0.2,72.4,616.0,0,429.5727586173926,429.5727586173926,0.0,46.96,1,0,20
32,45,XL,120,0.2,96.2,616.0,0,446.99675861739263,446.99675861739263,46.80000000000001,46.800000000000004,1,0,20
32,46,L,95,0.19,45.98,616.0,0,495.6767586173926,495.6767586173926,105.43199999999999,36.848,1,0,20
32,47,XL,120,0.2,68.4,616.0,0,543.1967586173926,543.1967586173926,142.28,47.52,1,0,20
32,48,S,55,0.17,41.57,616.0,0,538.6047586173927,538.6047586173927,142.132,43.076,2,0,20
32,49,XL,120,0.2,104.2,616.0,0,495.3567586173926,495.3567586173926,95.28000000000003,46.68,1,0,20
32,50,S,55,0.17,51.6,616.0,0,461.7567586173926,461.7567586173926,64.31200000000001,42.288,2,0,20
